workforce_area,furloughs,reason,permanent_job_losses,letter,phone,location,jobs,workforce_region,notice_date,fein,naics,company,temporary_job_losses,at_the_location,begin_date,occupations,email,contact,received_date,end_date,notes,reduced_hours,dropdown
Jefferson,0,Closure / Acadia,132,West Pines Behavioral Health,,,132,,1/8/25,,"62, 1330: Offices of Mental Health Practioners (Except Physicians)",West Pines Behavioral Health,0,,3/31/25,Various (See WARN) Appendix A,,,1/8/25,3/31/25,,0,
Pueblo,0,Closure,232,Battelle,,,232,,1/16/25,,"56,2910: Remediation Services",Battelle,0,,3/17/25,Various (See WARN),,,1/16/25,12/31/2026,,0,
Weld,0,Closure/Mass Layoff,11,Total Frac Solutions,,,11,,1/28/25,,"21,3112: Support activities for oil & gas operations",Total Frac Solutions,0,,3/31/25,Various (See WARN),,,1/28/25,3/31/25,,0,
Pueblo,0,Partial completion of PCAPP Project,40,Amentum,,,40,,1/28/25,,"54,1330: Engineering Services",Amentum,0,,1/28/25,Supervisors/Managers/Technicians,,,1/28/25,3/31/25,,0,
Larimer,0,Mass Layoff,1,QuantumScape,,,1,,1/28/25,,"33,591: Battery Manufacturing",QuantumScape Battery,0,,1/28/25,Professional (See WARN),,,1/28/25,1/29/25,,0,
Larimer,0,Closure,158,Johnstown Heights Behavioral Health,,,158,,1/30/25,,"62, 1330: Offices of Mental Health Practioners",Johnstown Heights Behavioral Health,0,,3/31/25,Various (See WARN),,,1/30/25,3/31/25,,0,
Arapahoe/Douglas,0,Closure,45,Sherwood Food Distributors,,,45,,2/18/25,,"42,4470: Meat & Meat Product Merchant Wholesalers","Sherwood Food Distributors, Harvest Meat Company, Western Boxed Meat Company",0,,2/18/25,Not Specified,,,2/18/25,4/21/25,,0,
Mesa,0,Closure,187,West Springs Hospital,,,187,,2/24/25,,"62,2110 Healthcare & Social Services",West Springs Hospital,0,,3/10/25,Various (See WARN),,,2/24/25,3/10/25,,0,
Pikes Peak,0,Operations Reduction,238,Microchip,,,238,,3/4/25,,"33,4413: Semi-Conductor & Related Manufacturing",Microchip,0,,5/3/25,"Production Specialists, Technicians (See WARN)",,,3/4/25,5/6/25,,0,
Adams,0,Closure: Lack of funding,150,Meati,,,150,,3/7/25,,"42,4470: Meat & Meat Product Merchant Wholesales",Meati,0,,3/6/25,Various (See WARN),,,3/7/25,3/6/25,,0,
Arapahoe/Douglas,0,Not stated,157,Dish Network,,,157,,1/8/24,,Sector 51: Information,Dish Network LLC,0,,3/8/24,Multiple (See WARN),,,1/8/24,3/8/24,,0,
"Multiple (Larimer, Jeffco, Adams)",0,Not stated,4,Lost Boys Interactive,,,4,,1/11/24,,"Sector  54: Professional, Scientifc, & Technical Srvs",Lost Boys Interactive LLC,0,,3/15/24,Multiple (See WARN),,,1/13/24,3/15/24,,0,
Adams,0,Loss of contract w/Amazon,94,ABM Industry Group,,,94,,1/18/24,,Sector 23: Construction,ABM Industry Group,0,,3/18/24,Multiple (See WARN),,,1/18/24,3/18/24,,0,
Arapahoe/Douglas,0,Reduction in Force,9,Dish Network 1-19-2024,,,9,,1/19/24,,Sector 51: Information,Dish Network LLC,0,,3/19/24,Multiple (See WARN),,,1/19/24,3/19/24,,0,
Boulder,0,Facility closure,124,Flatirons Health & Rehab (Axiom Healthcare),,,124,,1/4/24,,Sector 62: Health Care and Social Assistance,Flatirons Health and Rehabilitation (Axiom Healthcare Services).,0,,3/4/24,Multiple (See WARN),,,1/25/24,3/4/24,,0,
Pueblo,0,Closure-Completion of PCAPP Milestones,45,Amentum,,,45,,1/30/24,,"Sector: 56,2910: Remediation Services",Amentum,0,,3/1/24,Multiple (See WARN),,,1/30/24,3/31/24,,0,
Arapahoe/Douglas,0,Site Consolidation and Office Relocation,60,IMI Norgren LLC,,,60,,1/30/24,,Sector: 31-33 Manufacturing,IMI Norgren LLC,0,,4/1/24,Unknown,,,1/30/24,6/30/24,,0,
Unknown (Remote Workers),0,Not Stated,13,Block Inc,,,13,,1/30/24,,Sector 51: Information,Block Inc.,0,,3/30/24,Unknown,,,1/30/21,3/30/24,,0,
Larimer,0,Change in current business opportunities,80,BillGO Inc.,,,80,,1/31/24,,Sector 52: Finance and Insurance,BillGO Inc.,0,,3/31/24,Multiple (See WARN),,,1/31/24,3/31/24,,0,
Denver,0,Not Stated,56,SP+ Corporation,,,56,,1/31/24,,Sector 81--Other Services--81293 Parking Lots and Garages,SP+ Corporation,0,,1/31/24,Multiple (See WARN),,,1/31/24,1/31/24,,0,
Arapahoe/Douglas,0,Reduction in Force,53,Dish Network 2-20-2024,,,53,,2/20/24,,Sector 51: Information,Dish Network LLC,0,,4/20/24,Multiple (See WARN),,,2/20/24,4/20/24,,0,
Adams,0,Loss of contract,75,Daifuku Services-Thornton,,,75,,2/22/24,,Sector 33: Manufacturing,Daifuku Services America Corporation (formerly Elite Line Services) -Thornton,0,,4/22/24,Multiple (See WARN),,,2/22/24,5/6/24,,0,
Pikes Peak-Colo Springs,0,Loss of contract,89,Daifuku Services-Colo Springs,,,89,,2/22/24,,Sector 33: Manufacturing,Daifuku Services America Corporation -Colo Springs,0,,4/22/24,Multiple (See WARN),,,2/22/24,5/6/24,,0,
Arapahoe/Douglas,0,Loss of contract,32,Daifuku Services-Aurora,,,32,,2/22/24,,Sector 33: Manufacturing,Daifuku Services America Corporation -Aurora,0,,4/22/24,Multiple (See WARN),,,2/22/24,5/6/24,,0,
Weld,0,Facility closure,210,Carestream Health Inc,,,210,,2/26/24,,Sector 33: Manufacturing,Carestream Health Inc.,0,,4/26/24,Multiple (See WARN),,,2/26/24,5/10/24,,0,
Weld,0,Loss of contract,175,"Packers Sanitation Services, Inc",,,175,,2/27/24,,Sector 56: Waste Management and Remediation Services,"Packers Sanitation Services, Inc.’s (PSSI)",0,,4/18/24,Unknown,,,2/27/24,4/18/24,,0,
Arapahoe/Douglas,0,Reduction in Force,5,Dish Network LLC,,,5,,3/12/24,,Sector 51: Information,Dish Network LLC,0,,5/11/24,Multiple (See WARN),,,3/12/24,5/11/24,,0,
Weld,0,Reduction in Force,19,Carestream Health Update,,,19,,3/20/24,,Sector 33: Manufacturing,Carestream Health Inc. - Update,0,,5/24/24,See WARN Exhibit A,,,3/21/24,5/24/24,,0,
Denver,0,Reduction in Force,40,CommuteAir,,,40,,2/23/24,,Sector 48: Transportation and Warehousing,CommuteAir,0,,5/23/24,See WARN,,,3/20/24,5/23/24,,0,
San Diego (remote CO Workers),0,Reduction in Force,76,Bionano Genomics Inc.,,,76,,3/21/24,,Sector 33: Manufacturing,Bionano Genomics Inc.,0,,5/24/24,See WARN,,,3/22/24,5/24/24,,0,
Jefferson,0,Reduction in Force,46,DDRC,,,46,,3/11/24,,Sector 62: Healthcare and Social Assistance,Developmental Disabilities Resource Center,0,,6/30/24,See WARN,,,3/28/24,6/30/24,,0,
Denver,0,Closure,56,Atrium Hospitality LP/Denver Crowne Plaza,,,56,,3/27/24,,Sector 72: Accommodation & Food Services,Atrium Hospitality LP/Denver Crowne Plaza,0,,5/31/24,See WARN,,,3/27/24,5/31/24,,0,
Not Stated,0,Closure,1,Volta/Volta Charging Industries,,,1,,3/29/24,,Sector 33: Manufacturing,Volta/Volta Charging Industries,0,,5/31/24,See WARN (Various Positions),,,4/3/24,5/31/24,,0,
Arapahoe/Douglas,0,Reduction in Force,1,HealthHelp,,,1,,4/3/24,,Sector  55: Management of Companies & Enterprises,HealthHelp (a WNS Company),0,,6/2/24,Various (See WARN),,,4/9/24,8/2/24,,0,
Denver,0,Reduction in Force,92,Checkr,,,92,,4/9/24,,"Sector: 56,  561611 Investigation Personal Background Check Services.",Checkr,0,,6/10/24,Various (See WARN),,,4/9/24,6/10/24,,0,
Rural Consortium (Broomfield),0,Closure (Cease Operations),65,Wheels Up Partners LLC,,,65,,4/17/24,,Sector 48: Transportation and Warehousing,Wheels Up Partners LLC,0,,6/16/24,Various (See WARN),,,4/17/24,6/16/24,,0,
Weld,0,Reduction in Force,25,Carestream Health,,,25,,4/25/24,,Sector 33: Manufacturing,Carestream Health,0,,6/28/24,Varous (See WARN),,,4/25/24,6/28/24,,0,
Denver,0,Contract with Sodexo,118,University of Denver,,,118,,4/30/24,,Sector 61: Educational Services,University of Denver,0,,6/30/24,Custodian positions,,,4/30/24,6/30/24,,0,
Remote Workforce,0,Selling Customer Care Unit,84,Radial,,,84,,5/1/24,,"Sector 54: Professional, Scientific & Technical Services",Radial,0,,6/28/24,See WARN.,,,5/1/24,6/28/24,,0,
Denver,0,Loss of state funding,330,Rocky Mountain Crisis Partners,,,330,,5/1/24,,Sector 62: Healthccare & Social Assistance,Rocky Mountain Crisis Partners,0,,6/30/24,All positions/ job titles not specified,,,5/1/24,6/30/24,,0,
Arapahoe/Douglas,0,Reduction in Force,103,NewRez LLC,,,103,,5/2/24,,Sector 52: Finance and Insurance,Newrez LLC,0,,7/1/24,See WARN.,,,5/2/24,7/1/24,,0,
Arapahoe/Douglas,0,Closure,141,Walmart #6178,,,141,,5/13/24,,Sector 45: Retail Trade,Walmart Store #6178,0,,6/7/24,Associates,,,5/13/24,6/7/24,,0,
Boulder,0,Reduction in Force,Not specified,Pfizer,,,Not specified,,5/15/24,,"Sector 32, 3254 - Pharmaceutical and Medicine Manufacturing.",Pfizer Research,0,,7/15/24,Not specified,,,5/15/24,8/24/2024,,0,
Pueblo,0,Closure (end of Milestone 7),11,Amentum,,,11,,5/21/24,,"Sector: 56,2910: Remediation Services",Amentum,0,,7/1/24,See WARN,,,5/21/24,7/31/24,,0,
Weld,0,Reduction in Force,18,Carestream,,,18,,5/21/24,,Sector 33: Manufacturing,Carestream (Update),0,,7/22/24,See WARN.,,,5/21/24,8/5/24,,0,
Mesa,0,Reduction in Force,65,Mindspring,,,71,,5/31/24,,Sector 62: Healthcare & Social Assistance,Mindspring,6,,5/31/24,See WARN.,,,5/31/24,6/3/24,,0,
Mesa,0,Reduction in Force,49,See note below.,,,49,,6/4/24,,Sector 62: Healthcare & Social Assistance,Mindspring (Update),0,,6/4/24,See WARN. Updated from 65 to 49,,,6/4/24,6/4/24,,0,
Arapahoe/Douglas,0,Reduction in Force,317,NewRez LLC CORRECTION,,,317,,6/3/24,,Sector 52: Finance and Insurance,NewRez LLC,0,,8/2/24,See WARN.,,,6/3/24,8/2/24,,0,
Rural Southwest,13,Reduction in Force,3,TSG Ski & Golf,,,63,,6/14/24,,"Sector 71: Arts, Entertainment & Recreation, (713920 Ski Facility)",TSG Ski & Golf,47,,6/14/24,"Bartenders, cooks, dishwashers, supervisor",,,6/14/24,12/1/24,,0,
Denver,0,End of Contract,131,Saint Paul Health Ctr-Colvaria Hospitality Mgmt,,,131,,6/18/24,,Sector 62: Healthcare and Social Assistance,Saint Paul Health Center,0,,9/1/24,Various. See WARN.,,,6/18/24,9/1/24,,0,
Denver,0,Reduction in Force,80,Wells Fargo,,,80,,6/18/24,,Sector 52: Finance and Insurance,Wells Fargo,0,,8/1/24,Employees notified verbally. Specific job titles available in August when layoff letters go out.,,,6/18/24,12/21/24,,0,
Arapahoe/Douglas,0,Reduction in Force,187,NewRez LLC Update,,,187,,6/27/24,,Sector 52: Finance and Insurance,Newrez LLC,0,,8/26/24,See WARN.,,,6/27/24,8/26/24,,0,
Pikes Peak,0,Closure (Cease Operations),7,Sodexo-St Francis Interquest,,,7,,7/8/24,,Sector 56:  Administrative and Support and Waste Management and Remediation Services,Sodexo - St. Francis Interquest,0,,8/4/24,Various (See WARN),,,7/8/24,8/4/24,,0,
Pikes Peak,0,Closure (Cease Operations),48,Sodexo-St Francis Medical Center,,,48,,7/8/24,,Sector 56:  Administrative and Support and Waste Management and Remediation Services,Sodexo - St. Francis Medical Center,0,,8/4/24,Various (See WARN),,,7/8/24,8/4/24,,0,
Pikes Peak,0,Closure (Cease Operations),52,Sodexo-Penrose Hospital,,,52,,7/8/24,,Sector 56:  Administrative and Support and Waste Management and Remediation Services,Sodexo - Penrose Hospital,0,,8/4/24,Various (See WARN),,,7/8/24,8/4/24,,0,
RC: Broomfield,0,Reduction in Force (Cease Operations of Axon Operating Unit),80,LogRhythm,,,80,,7/16/24,,"Sector 54: Professional, Scientific & Technical Services",LogRhythm,0,,9/9/24,Not disclosed,,,7/17/24,9/14/24,,0,
Weld,0,Reduction in Force,21,Carestream Health,,,21,,7/17/24,,Sector 33: Manufacturing,Carestream Health,0,,9/16/24,Various (See WARN),,,7/17/24,9/16/24,,0,
Pueblo,0,Closure (upon completion of project),72,Amentum,,,72,,7/29/24,,"Sector 56,2910: Remediation Services",Amentum,0,,9/30/24,Various,,,7/29/24,9/30/24,,0,
Remote locations in CO,0,Closure,79,Radial,,,79,,7/30/24,,"Sector 54: Professional, Scientific & Technical Services",Radial,0,,9/30/24,Various,,,7/30/24,9/30/24,,0,
Adams,0,Mass Layoff,85,TPS Parking Mgmt,,,79,,8/1/24,,"Sector 81, 2930: Parking Lots and Garages",TPS Parking Mgmt,0,,9/30/24,"Drivers, Parking Attendants, Greeters, Dispatchers",,,7/31/24,9/30/24,,0,
Denver,0,Change in Business,49,True Value,,,49,,8/8/24,,"Sector 44,4130: Hardware Stores",True Value,0,,9/6/24,Merchandise Handlers,,,8/8/24,11/1/24,,0,
RC: Rural Resort,0,Sale of Business,63,Caseys Pond,,,63,,8/19/24,,Sector 62: Healthcare and Social Assistance,Casey's Pond,0,,10/18/24,Not specified,,,8/20/24,11/30/24,,0,
Arapahoe Douglas,0,Not specified,70,Wells Fargo,,,70,,8/20/24,,"Sector 52,2110 Commercial Banking",Wells Fargo,0,,11/20/24,Not specified,,,8/20/24,12/31/24,,0,
Boulder,0,See WARN.,25,ImmunityBio Inc,,,5,,8/30/24,,"Sector 54,541: Professional, Scientific, and Technical Services​​ Industries",ImmunityBio Inc.,0,,10/29/24,See WARN,,,8/30/24,10/29/24,,0,
RC: Boulder & Larimer,0,See WARN.,3,Lost Boys Interactive,,,3,,9/6/24,,"Sector 54,541: Professional, Scientific, and Technical Services​​ Industries",Lost Boys Interactive LLC,0,,9/9/24,See WARN,,,9/9/24,9/9/24,,0,
Adams,0,See WARN.,55,Sodexo Service West,,,55,,9/13/24,,"Sector 72,2319: Food Service Contractors",Sodexo Service West (SDH),0,,11/9/24,See WARN,,,9/13/24,11/9/24,,0,
Boulder,0,Restructure and Partial Closure-See WARN,85,"AGC Biologics, Inc.",,,85,,9/18/24,,Sector 541714: Research and Development in Biotechnology,"AGC Biologics, Inc.",0,,11/22/24,Various (See WARN),,,9/18/24,11/22/24,,0,
Colo Springs,0,Closure,64,Sinton Dairy Foods Company,,,64,,9/26/24,,Sector 31-33: Manufacturing,Sinton Dairy Foods Company,0,,12/30/26,Various (See WARN),,,9/26/24,12/30/26,,0,
Remote location in CO,0,Medical Sales Specialist,1,Kaleo Inc.,,,1,,9/30/24,,Sector 54-1720: Research & Development in Social Sciences/Humanities,Kaleo Inc.,0,,11/30/24,See WARN,,,9/30/24,11/30/24,,0,
Rural Consortium,0,Closure,112,Thiess,,,112,,10/29/24,,"Sector 21,2230 - Copper, Nickel, Lead, and Zinc Mining",Thiess,0,,11/28/24,Predominately Heavy equipment operators,,,10/29/24,12/28/24,,0,
Denver,0,Discontinuing Operations,313,Chord Energy,,,313,,11/4/24,,"Sector: 56,2910: Remediation Services",Chord Energy,0,,11/4/24,Various (See WARN),,,11/4/24,5/23/25,,0,
Adams,0,"Partial, Temporary Closure",404,UPS,,,404,,11/14/24,,Sector:  492110: Couriers & Express Delivery Services,UPS,0,,1/15/25,Not specified,,,11/14/24,1/15/25,,0,
"Arapahoe, Denver, El Paso",0,Not disclosed,62,Boeing,,,63,,11/15/24,,"Sector 33,6411: Aircraft Manufacturing",Boeing,0,,1/17/25,Not specified,,,11/15/24,1/17/25,,0,
Adams,0,Closure,121,Brown Brothers Resources Holdings 12-2-24.pdf,,,121,,12/2/24,,Sector 23: Construction,Brown Brothers Resources Holding,0,,12/6/24,Various,,,12/2/24,12/31/24,,0,
Pueblo,0,Closure,109,Russ Davis Wholesale,,,109,,12/2/24,,"Sector 42,4480: Fresh Fruit  Vegetable Merchant",Russ Davis Wholesale,0,,1/31/25,Various,,,12/2/24,2/1/25,,0,
Denver,0,Unforseen business circumstance,1,Natural Fiber Welding,,,1,,12/10/24,,"Sector 31,314: Broadwoven Fabric Mills",Natural Fiber Welding,0,,2/8/25,Sr. Program Manager,,,12/10/24,2/8/25,,0,
Arapahoe,0,Not specified,1,GetInsured,,,1,,12/20/24,,Sector 52: Finance and Insurance,GetInsured,0,,2/19/25,Customer Service Representative I,,,12/20/24,2/19/25,,0,
Pueblo,0,Sudden Contract Loss,666,Wanzek Construction,,,Unknown,,1/3/23,,Sector 23: Construction,Wanzek Construction,0,,1/3/23,Various construction positions,,,1/3/23,1/3/23,,0,
Denver,0,Ceasing Operations in some areas of the company,67,Gymshark,,,67,,1/9/23,,Sector 31: Manufacturing,Gymshark,0,,3/10/23,Not Stated,,,1/16/23,3/24/23,,0,
Boulder,0,Downsizing,15,Specialized Bicycle Components,,,15,,1/11/23,,Sector 42: Wholesale Trade,Specialized Bicycle Components,0,,1/13/23,"Software developer, Acct Mgr, e-commerce, mktg, pgm mgr",,,1/1123,1/13/23,,0,
Denver,0,Not Stated,136,DCP Midstream,,,136,,1/25/23,,Sector 22: Natural Gas Distribution,DCP Midstream,0,,3/31/23,Not Stated,,,1/31/23,4/1/24,,0,
Pueblo,0,RIF/Change in Business,47,Curaleaf,,,47,,1/26/23,,Sector 32: Manufacturing,Curaleaf,0,,3/26/23,Various (see WARN letter),,,1/31/23,3/26/23,,0,
Denver,0,Restructuring & Reorganization,151,Pinnacle Architectural Lighting,,,151,,2/1/23,,Sector  541490: Other Specialized Design Services,Pinnacle Architectural Lighting Inc.,0,,6/30/23,Electrical Assemblers & Varous,,,2/1/23,3/1/24,,0,
Arapahoe/Douglas,0,Closure,49,Covercraft Industries,,,49,,2/9/23,,Sector 1: 314910: Textile Bag and Canvas Mills,Covercraft Industries LLC,0,,4/14/23,Not Stated,,,2/14/23,4/14/23,,0,
Denver,0,Unforseen Business Circumstances,62,WiX 2-15-23,,,62,,2/15/23,,"Sector 51,5182: Data Processing Hosting & Related Services",WIX.com,0,,2/15/23,See WARN,,,2/15/23,2/15/23,,0,
Various,0,Not Stated,5,Chipper Cash,,,5,,2/16/23,,Sector 51: Information,Chipper Cash,0,,02/17/23,See WARN,,,2/16/23,2/17/23,,0,
,,,,SSI Venture-Aspen Sports,,,4,,2/27/23,,"Sector:45,451 : Sporting Goods",Aspen Sports Hyatt Retail Store,,,,,,,3/2/23,,,,
,,,,SSI Venture-Aspen Sports,,,13,,2/27/23,,"Sector:45,451 : Sporting Goods",Aspen Sports Snowmass Mall,,,,,,,3/2/23,,,,
,,,,SSI Venture-Aspen Sports,,,9,,2/27/23,,"Sector:45,451 : Sporting Goods",Aspen Sports St. Regis Retail,,,,,,,3/2/23,,,,
,,,,SSI Venture-Aspen Sports,,,4,,2/27/23,,"Sector:45,451 : Sporting Goods",Aspen Sports Viewline Retail,,,,,,,3/2/23,,,,
,,,,SSI Venture-Aspen Sports,,,3,,2/27/23,,"Sector:45,451 : Sporting Goods",Aspen Sports Snowmass Retail Store,,,,,,,3/2/23,,,,
,,,,SSI Venture-Aspen Sports,,,5,,2/27/23,,"Sector:45,451 : Sporting Goods",Aspen Sports Demo,,,,,,,3/2/23,,,,
,,,,SSI Venture-Aspen Sports,,,6,,2/27/23,,"Sector:45,451 : Sporting Goods",Aspen Sports Tune - Snowmass,,,,,,,3/2/23,,,,
,,,,SSI Venture-Aspen Sports,,,3,,2/27/23,,"Sector:45,451 : Sporting Goods",Aspen Sports Valet - Snowmass,,,,,,,3/2/23,,,,
,,,,SSI Venture-Aspen Sports,,,5,,2/27/23,,"Sector:45,451 : Sporting Goods",Burton Telluride Retail,,,,,,,3/2/23,,,,
,,,,SSI Venture-Aspen Sports,,,10,,2/27/23,,"Sector:45,451 : Sporting Goods",Neve Sports - Telluride,,,,,,,3/2/23,,,,
,,,,SSI Venture-Aspen Sports,,,7,,2/27/23,,"Sector:45,451 : Sporting Goods",Patagonia Snowmass,,,,,,,3/2/23,,,,
,,,,SSI Venture-Aspen Sports,,,8,,2/27/23,,"Sector:45,451 : Sporting Goods",Telluride Sports Camel's Garden,,,,,,,3/2/23,,,,
,,,,SSI Venture-Aspen Sports,,,10,,2/27/23,,"Sector:45,451 : Sporting Goods",Telluride Sports - Cimarron Lodge,,,,,,,3/2/23,,,,
,,,,SSI Venture-Aspen Sports,,,14,,2/27/23,,"Sector:45,451 : Sporting Goods",Telluride Sports - Franz Klammer,,,,,,,3/2/23,,,,
,,,,SSI Venture-Aspen Sports,,,10,,2/27/23,,"Sector:45,451 : Sporting Goods",Telluride Sports - Gondola Plaza,,,,,,,3/2/23,,,,
,,,,SSI Venture-Aspen Sports,,,16,,2/27/23,,"Sector:45,451 : Sporting Goods",Telluride Sports Main Street,,,,,,,3/2/23,,,,
,,,,SSI Venture-Aspen Sports,,,4,,2/27/23,,"Sector:45,451 : Sporting Goods",Telluride Sports - The Peaks,,,,,,,3/2/23,,,,
,,,,SSI Venture-Aspen Sports,,,6,,2/27/23,,"Sector:45,451 : Sporting Goods",The North Face - Snowmass,,,,,,,3/2/23,,,,
,,,,SSI Venture-Aspen Sports,,,4,,2/27/23,,"Sector:45,451 : Sporting Goods",The North Face - Telluride Retail,,,,,,,3/2/23,,,,
Rural Consortium (Alamosa) & Denver,0,Reduction in Business,98,Friday Health Plans,,,98,,3/1/23,,"Sector 52,411: Direct Life, Health & Med Insurance",Friday Health Plans,0,,4/30/23,Various: See WARN,,,3/1/23,4/30/23,,0,
"Denver, Broomfield",0,Restructing and streamlining,4 (of 178),Aspiration,,,4,,3/24/23,,Sector:55 Management of Companies & Enterprises,Aspiration Partners Inc.,0,,5/26/2023,Various (See WARN),,,3/24/23,6/1/23,,0,
"Denver, Broomfield",0,Not stated,76,Laramar Group LLC,,,76,,3/30/23,,Sector 53: Real Estate and Rental & Leasing,Laramar Group LLC,0,,P1: 6/1/23 P2: 7/14/23,Various (See WARN),,,3/30/23,P1: 6/15/23 & P2: 7/28/23,,0,
Jefferson,0,Mass layoff,50,Prescient LLC,,,50,,3/31/23,,Sector 33: Manufacturing,Prescient LLC,0,,3/31/2023,Not Stated,,,4/2/23,12/31/23,,0,
Multi area,0,Bankrupcy,138,David's Bridal,,,138,,4/14/23,,Sector 44: Retail Trade,David's Bridal,0,,Multi Phase (See WARN),Various (See WARN),,,4/14/23,Multi phase (See WARN),,0,
Denver,0,Not specified,198,MV Transportation,,,198,,4/27/23,,Sector 48: Transportation & Warehousing,MV Transportation,0,,6/30/23,"Drivers, Dispatchers, Admin, Utility Worker",,,4/28/23,6/30/23,,0,
Denver,0,Loss of Contract,120,Via Mobility Services,,,120,,5/1/23,,Sector 48: Transporation and Warehousing,Via Mobility Services,0,,7/1/2023,"Administrative support, operatives,  & service workers.",,,5/22/23,7/1/23,,0,
Multi area,0,Bankrupcy,138,Davids Bridal Update,,,138,,5/24/23,,Sector 44: Retail Trade,Davids Bridal (Update),0,,6/23/23,Various (See WARN),,,5/24/23,6/30/23,,0,
Pueblo,0,Closure (Phase 1),19,Amentum,,,19,,5/26/23,,"Sector: 56,2910: Remediation Services",Amentum,0,,7/27/2023,"Engineers, Maintenace Planners/Supervisors, Technicans*",,,5/26/23,7/28/2023,,0,
Denver,0,Closure,54,Hard Rock Cafe,,,54,,5/30/23,,Sector 72: Accommodation & Food Services,Hard Rock Cafe International STD,0,,7/29/2023,Restaurant workers,,,5/30/23,7/29/23,,0,
Multi Area,0,Bankrupcy,138,Davids Bridal Update,,,138,,6/12/23,,Sector 44: Retail Trade,Davids Bridal (Update),0,,8/20/2023,Not disclosed,,,6/12/23,9/2/2023,,0,
Pueblo,0,Closure of production & distribution operations,50,Gannett Pueblo Chieftain,,,50,,6/13/23,,Sector 2022: Publishing,Gannett (Pueblo Chieftian),0,,8/14/2023,Production positions (see WARN),,,6/13/23,8/14/23,,0,
Multi Area,0,Mass layoff,13,Bitwise Industries,,,13,,6/14/23,,"Sector 54: Professional, Scientific, & Technical Services",Bitwise Industries,0,,8/14/2023,Multiple (See WARN),,,6/14/23,8/14/23,,0,
"Rural Consortium, Denver",0,Mass Layoff,323,Friday Health Plans Update 6-19-23,,,323,,6/19/23,,"Sector 52, 411 Direct Life Health & Medical Insurance",Friday Health Plans Update (6-19-23),0,,6/23/2023,Rural Consortium and Denver,,,6/19/23,7/6/23,,0,
Weld,0,Mass Layoff,70,Autism Home Support Srvs Greeley,,,70,,6/20/23,,"Sector 62,1600: Home Healthcare Services",Autism Home Support Services (Greeley),0,,8/21/2023,Multiple (See WARN),,,6/20/23,9/19/23,,0,
Adams,0,Mass Layoff,68,Autism Home Support Svs Westminster,,,68,,6/20/23,,"Sector 62,1600: Home Healthcare Services",Autism Home Support Services (Westminster),0,,8/21/2023,Multiple (See WARN),,,6/20/23,9/19/23,,0,
ADWorks,0,Mass Layoff,101,Autism Home Support Services Centennial,,,101,,6/20/23,,"Sector: 62,1600 Home Healthcare Services",Autism Home Support Services (Centennial),0,,8/21/2023,Multiple (See WARN),,,6/20/23,9/19/21,,0,
Multi-Area,0,Mass Layoff,138,Davids Bridal Update 6-29-23,,,0,,6/29/23,,Sector 44: Retail Trade,Davids Bridal Update 6-29-23,0,,7/17/2023,Bankrupcy,,,6/29/23,7/31/23,,0,
"Rural Consortium, Denver",0,Mass Layoff,120,Community Development Institute Head Start,,,120,,6/30/23,,Sector 62: Health Care and Social Assistance,CDI HS (Community Development Institute Head Start),0,,8/31/2023,Rural Consortium,,,6/30/23,8/31/33,,0,
Rural Consortium  (Pueblo),0,Reduction in Force (End Project),27,Amentum,,,27,,7/3/23,,"Sector: 56,2910: Remediation Services",Amentum,0,,8/31/2023,Multiple (See WARN),,,7/3/23,8/31/23,,0,
Adams,0,Reduction in Force (End Project),56,Bank of the West,,,56,,7/11/23,,"Sector 52,2110: Commercial Banking",Bank of the West,0,,9/15/2023,Not specified in WARN,,,7/11/23,9/15/23,,0,
Pikes Peak,0,Closure,64,Namaste Alzheimer Center,,,64,,7/20/23,,Sector: 62: Healthcare and Social Assistance,Namasté Alzheimer Center,0,,10/1/2023,Medical Professionals (see WARN),,,7/20/23,10/1/23,,0,
Pikes Peak,0,"Reduction in Force Ending manufacuring, quality & distribution",15,DePuy Spine Limited Partnership,,,15,,7/24/23,,"Sector 42,2450: Medical, Dental, Hospital & Supplies Merchant Wholesaler",DePuy Spine Limited Partnership (Johnson & Johnson),0,,9/22/2023,"Materials Handling, Inspector, Operators",,,7/24/23,10/5/2023,,0,
Unknown (possibly rural & remote),0,Closure,Unknown,Novembal,,,Not Specified,,7/28/23,,"Sector 32: Manufacturing; 32,6121 Unlaminated Plastics Profile Shape Manufacturing",Novembal,0,,9/30/2023,Unknown,,,7/28/23,1/31/24,,0,
Unknown,0,Closure,"22,000*",Yellow Corporation,,,331,,7/30/23,,"Sector 48,4121: General Freight Trucking Long Distance Truckload",Yellow Corporation & Operating Affiliates,0,,7/30/2023,Not specified in WARN,,,8/1/23,7/30/23,,0,
Unknown,0,,*,Yellow Corporation,,,Not Specified,,7/30/23,,"Sector 48,4121: General Freight Trucking Long Distance Truckload",YRC Inc dba YRC Freight,0,,7/30/23,,,,8/1/23,,,0,
Unknown,0,,*,Yellow Corporation,,,Not Specified,,7/30/23,,"Sector 48,4121: General Freight Trucking Long Distance Truckload",USF Holland,0,,7/30/23,,,,8/1/23,,,0,
Unknown,0,,*,Yellow Corporation,,,Not Specified,,7/30/23,,"Sector 48,4121: General Freight Trucking Long Distance Truckload",New Penn Motor Express LLC,0,,7/30/23,,,,8/1/23,,,0,
Unknown,0,,*,Yellow Corporation,,,Not Specified,,7/30/23,,"Sector 48,4121: General Freight Trucking Long Distance Truckload","USF Reddaway, Inc.",0,,7/30/23,,,,8/1/23,,,0,
Arapahoe/Douglas,0,Contract loss,24,KeHE,,,24,,8/2/23,,"Sector 42: Wholesale Trade, 42,4490 Merchant Wholesaler, Non Durable Goods","KeHe Distributors, Inc.",0,,11/3/2023,Not disclosed,,,8/2/23,11/3/23,,0,
Arapahoe/Douglas,0,Mass Layoff,10,DePuy Spine Limited Partnership,,,10,,8/7/23,,"Sector 42,2450: Medical, Dental, Hospital & Supplies Merchant Wholesaler",DePuy Spine Limited Partnership (Johnson & Johnson),0,,10/6/2023,Material Handling Distribution Operators 2&3,,,8/7/23,10/19/23,,0,
Unknown,0,RIF,61,Astra Space Ops,,,61,,8/7/23,,Sector 33: Manufacturing,Astra Space Operations,0,,8/4/2023,See WARN for details.,,,8/7/23,8/4/23,,0,
Pikes Peak,0,Closure,94,Federal Express,,,94,,8/9/23,,Sector 49: Transportation and Warehousing,Federal Express - Colorado Springs,0,,11/3/2023,"Couriers, Service Agents, Handlers and Operations Leads",,,8/9/23,11/3/23,,0,
Pueblo,0,Closure,53,Federal Express,,,53,,8/10/23,,Sector 49: Transportation and Warehousing,Federal Express  - Pueblo,0,,11/3/2023,See WARN for details,,,8/10/23,11/3/23,,0,
Pueblo,0,Closure (completion of milestone),14,Amentum,,,14,,8/11/23,,"Sector: 56,2910: Remediation Services",Amentum,0,,10/12/2023,See WARN for details,,,8/11/23,10/12/23,,0,
Arapahoe/Douglas,0,Closure,2,Ouray Sportsware,,,154,,8/18/23,,Sector 45: Retail Trade,Ouray Sportsware - L2 Brands,0,,10/17/2023,See WARN for details.,,,8/18/23,12/31/23,-,0,
Unknown,0,Streamline Operations,59,Immunity Bio Inc.,,,unknown,,8/18/23,,"Sector 54: Professional, Scientific, & Technical Services",Immunity Bio Inc.,0,,10/17/2023,See WARN for details. (Note updated CO specifc # is 11 employees impacted).,,,8/18/23,10/17/23,,0,
"Denver, Weld",0,Restructuring following acquisition,Unknown,Chevron,,,,,8/25/23,,"Sector 32,4110: Petroleum Refineries",Chevron USA,0,,10/31/2023,Not specified,,,8/25/23,10/31/23,Max * (most all will be offered jobs),0,
Rural Consortium,0,Contract ending,110,PSSI,,,110,,8/29/23,,Sector: 562212 - Solid Waste Landfill,Packers Sanitation Services (PSSI),0,,10/26/2023,Not specified,,,8/29/23,10/26/23,,0,
Larimer & Rural Consortium,0,,70,Aktiv Pharma,,,70,,8/29/23,,Sector 33: Manufacturing/Pharmaceuticals,Aktiv Phama,0,,8/25/23,,,,8/29/23,8/25/23,-,0,
Jefferson,0,Closure,60,Prescient,,,60,,8/31/23,,Sector 33: Manufacturing,Prescient LLC,0,,8/31/23,Not specified,,,8/31/23,8/31/23,-,0,
Unspecified,0,Closure,25,American Nursery Services,,,25,,9/5/23,,Sector 44: Retail Trade,American Nursery Services,0,,12/31/23,Not specified,,,9/12/23,12/31/23,,0,
Unspecified,0,,10,Divvy Homes Inc.,,,,,9/7/23,,Sector 52: Finance & Insurance,Divvy Homes Inc.,0,,11/7/23,"Sales asset Mgmt, escrow and engineer positions",,,9/8/23,11/7/23,,0,
Pueblo,0,Completion of Project Milestone 4,21,Amentum,,,31,,9/15/23,,"Sector: 56,2910: Remediation Services",Amentum,0,,11/17/23,"Operators, technicians, transporter coordinator, scheduler",,,9/15/23,11/17/23,,0,
Remote workers,0,Reduction in Force,2,First Savings Bank,,,2,,9/29/23,,Sector: 52: Finance & Insurance,First Savings Bank,0,,11/30/23,Mortgage Banking Outside Mortgate & Mortgage Banking Underwriter,,,9/29/23,11/30/23,,0,
Unknown,,,Unknown,Gannett-Pueblo Chieftain Update,,,Unknown,,10/2/23,,Sector 2022: Publishing,Gannett (Pueblo Chieftian) - Update,,,,,,,10/2/23,,,,
Boulder,0,Reduction in Force,Not Stated,Pfizer,,,Unknown,,10/3/23,,Sector 32: Manufacturing,Pfizer,0,,12/4/23,Not stated,,,10/3/23,12/4/23,,0,
Denver,0,,84,SMX Cargo LLC,,,84,,10/9/23,,561320/ Temporary Help Services,SMX Cargo LLC,0,,12/17/2023,,,,10/11/23,12/17/2023,,0,
"Pikes Peak, Arapahoe/Douglas, Denver, Larimer",0,Closure,51,Cygnus Home Services dba Yelloh,,,51,,10/25/23,,"72,2330: Mobile Food Service",Cygnus Home Service dba Yelloh,0,,12/15/23,"Various including route sales people, material handlers, service operation",,,10/25/23,12/15/23,,0,
Pikes Peak (El Paso),0,Closure,5,DePuy Spine LP,,,67,,10/30/23,,"Sector 42,2450: Medical, Dental, Hospital & Supplies Merchant Wholesaler",Depuy Spine LP (Johnson & Johnson),0,,12/29/23,"Assembly/Packaging, Material Handling, Operations, Production, Warehouse",,,10/30/23,1/11/23,,0,
Arapahoe/Douglas,0,Reduction in Force,466,Dish Network LLC,,,466,,11/8/23,,Sector 517111: Wired Telecommunications Carriers,Dish Network LLC,0,,1/7/24,Various (See WARN),,,11/8/23,7/21/24,,0,
Arapahoe/Douglas,0,Reduction in Force,33,Dish Network Supplement,,,33,,11/9/23,,Sector 517111: Wired Telecommunications Carriers,Dish Network LLC Supplement,0,,1/8/24,Various (See WARN),,,11/9/23,7/22/23,,0,
Pueblo,0,Completion of PCAPP Milestones,54,Amentum,,,54,,11/21/23,,"Sector: 56,2910: Remediation Services",Amentum,0,,1/1/24,Various (See WARN),,,11/21/23,1/31/2024,,0,
Broomfield,0,Merger Related,184,Broadcomm - VM Ware,,,184,,11/27/23,,Sector: 334413 Semi Conductor & Related Device Manufacturing,Broadcom / VM Ware,0,,1/26/24,Not specified,,,11/27/23,1/26/24,,0,
Denver,0,Closure,60,Matheson Flight Extenders Inc,,,60,,12/1/23,,Sector 49: Transportation and Warehousing,Matheson Flight Extenders Inc.,0,,1/31/24,"Material Handlers, GSE Servicer, Station Manager, Supervisor",,,12/1/23,1/31/24,,0,
Broomfield,0,Closure,1,FSC Edge,,,1,,12/1/23,,Sector  51: Information,FSC Edge,0,,12/1/23,Not specified,,,12/1/23,12/1/23,All employees hired by new owner,0,
Arapahoe/Douglas,0,Unforseen - Contracts ending,149,Ascent Classical Academies,,,149,,12/28/23,,Sector 61: Educational Services,Ascent Classical Academy of Douglas County,0,,12/31/23,Not specified,,,12/28/23,12/31/23,All employees hired by new owner,0,
Larimer,0,Unforseen - Contracts ending,87,Ascent Classical Academies,,,87,,12/28/23,,Sector 61: Educational Services,Ascent Classical Academy of Northern Colorado,0,,12/31/23,Not specified,,,12/28/23,12/31/23,All employees hired by new owner,0,
Adams,0,Unforseen - Contracts ending,33,Ascent Classical Academies,,,33,,12/28/23,,Sector 61: Educational Services,Ascent Classical Academy of Norther Denver,0,,12/31/23,Not specified,,,12/28/23,12/31/23,All employees hired by new owner,0,
Mesa,0,Unforseen - Contracts ending,37,Ascent Classical Academies,,,37,,12/28/23,,Sector 61: Educational Services,Ascent Classical Academy of Grand Junction,0,,12/31/23,Not specified,,,12/28/23,12/31/23,All employees hired by new owner,0,
Jefferson,0,Unforseen - Contracts ending,7,Ascent Classical Academies,,,7,,12/28/23,,Sector 61: Educational Services,Ascent Classical Academies of Corporate Office,0,,12/31/23,Not specified,,,12/28/23,12/31/23,All employees hired by new owner,0,
,,,,,,,,,,,,NOTE: 313 employees notified by Ascent Classical Academies were hired by the new vendor.,,,,,,,,,,,
Adams,0,Loss of Service Contract,122,DPI Specialty Foods,,,122,,3/11/21,,Sector 42: Wholesale Trade,DPI Specialty Foods,0,,5/10/22,"Field Sales Reps, Merchandisers Vacation Relief Associates, Reset Specialist",,,,5/10/22,,0,
Pikes Peak/Teller,0,Sale of Company,160,513 Hotel Operating,,,160,,12/30/21,,Sector 72: Accomodation & Food Services,513 Hotel Operating,0,,12/31/21,Various,,,,12/31/21,,0,
Weld,0,Closure,143,Good Samaritan,,,143,,1/3/22,,Sector 62: Healthcare & Social Assistance,Good Samaritan - Bonell Community,0,,3/5/22,Healthcare workers,,,,3/5/22,,0,
Boulder,0,Not disclossed,87,Twitter Boulder,,,87,,1-4-22,,Sector 51: Information 519290 Web Search Portals & Other Info Services,Twitter (Boulder),0,,1/4/2023,"Various: First Mid line Mgrs (14), Professionals (70), Sales workers (1), Admin (2)",,,,1/4/23,,0,
AdWorks,0,Unforeseeable business circumstances,194,American Financing,,,194,,1-16-22,,Sector 522310 : Mortgage and Nonmortgage Loan Brokers,American Financing Company,0,,11/18/2022,Not provided,,,,12/23/22,,0,
ADWorks,0,Closure,36,Zillow Group,,,36,,1/20/22,,Sector 53: Real Estate Rental & Leasing,Zillow Group - Supplemental,0,,1/3/22,Not stated,,,,3/21/22,,0,
ADWorks,0,Closure,39,Zillow Group,,,39,,2/17/22,,Sector: 53: Real Estate Rental & Leasing,Zillow Group - Supplemental,0,,3/21/22,Not stated,,,,4/18/22,,0,
Not Disclosed,0,Not disclosed,1,Ready Responders Inc.,,,1,,2/18/22,,Sector 62 Healthcare  & Social Services,Ready Responders Inc.,0,,2/1/22,Director Product Security,,,,2/16/22,,0,
Rural Consortium (Salida),Unknown,Closure,Unknown,Watsonville Community Hospital,,,Unknown,,3-17-22,,Sector 62: Healthcare & Social Assistance,Watsonville Community Hospital,Unknown,,5/16/22,Not stated,,,,5/23/22,,0,
ADWorks,0,Closure,44,Zillow Group,,,44,,3/21/22,,Sector 53: Real Estate Rental & Leasing,Zillow Group - Supplemental,0,,1/2/22,Not stated,,,,5/20/22,,0,
Pikes Peak/Teller,0,Closure,0,Cripple Creek,,,9,,4/15/2022,,Sector 62: Healthcare & Social Assistance,Cripple Creek Care Center,0,,3/3/2022,Health care professionals,,,,7/30/2022,,9,
Weld,0,Closure (Temporary),0,Sparboe Farms,,,95,,5/2/22,,"Sector: 11: Agriculture, forestry, fishing & hunting",Sparboe Farms,95,,05/04/22,Various (See WARN),,,,6/2/22,,0,
Rural Consortium (Salida),0,Closure (Sale of Business),658,Watsonville Community Hospital,,,658,,5/11/22,,Sector 62: Healthcare & Social Assistance,Watsonville Community Hospital (Update),0,,7/14/22,Various (See WARN),,,,7/21/22,,0,
Denver,0,COVID/Pandemic,10,,,,10,,6/1/2022,,Sector 52: Finance and Insurance,All Money Financial Group,0,,9/26/2024,Not stated,,,,9/26/22,,0,
PikePeak/Teller,0,Lost funding,0,Total Energy Solutions,,,6,,6/13/22,,Sector 22: Utilities,Total Energy Solutions,6,,6/13/2022,Not stated,,,,6/24/22,,0,
Pikes Peak/Teller,0,Closure,144,Integrated Health,,,144,,6/23/2022,,Sector 62: Healthcare & Social Assistance,"Integrated Health Services at Colorado Springs, Inc.",0,,8/22/2022,Health care professionals,,,,8/22/2022,,0,
Pikes Peak/Teller,0,Closure,144,Vivage,,,144,,6/23/22,,Sector 62: Healthcare & Social Assistance,Vivage,0,,8/22/2022,"RN, LPN, C.N.A, Dining Aides, Activity Aides, Housekeepers, Laundry Aides, Central Supply, HR, Business Office Manager, AP Specialist",,,,8/22/22,,0,
Rural Consortium (Salida),0,Closure (Sale of Business),673,Watsonville Community Hospital (Update),,,673,,7/11/2022,,Sector 62: Healthcare & Social Assistance,Watsonville Community Hospital (Update),0,,8/17/2022,Various (See WARN),,,,8/31/2022,,0,
Denver,0,Loss of Contract w/City of Denver,230,HSS Inc.,,,230,,7/12/22,,Sector 56: Administrative and Support and Waste Management and Remediation Services,HSS Inc.,0,,9/1/2022,See WARN,,,,9/30/22,,0,
Jefferson,0,Unforseen Business Circumstance,60,Metco Arvada,,,60,,8/1/22,,Sector 561730: Landscaping,Metco Landscaping (Arvada),0,,7/28/22,See WARN,,,,7/28/22,,0,
ADWorks,0,Unforseen Business Circumstance,165,Metco Aurora HQ,,,165,,8/1/22,,Sector 561730: Landscaping,Metco Landscaping (Aurora HQ),0,,7/28/22,See WARN,,,,7/28/22,,0,
ADWorks,0,Unforseen Business Circumstance,44,Metco Aurora,,,44,,8/1/22,,Sector 561730: Landscaping,Metco Landscaping (Aurora),0,,7/28/22,See WARN,,,,7/28/22,,0,
El Paso,0,Unforseen Business Circumstance,36,Metco Colo Springs,,,36,,8/1/22,,Sector 561730: Landscaping,Metco Landscaping (Colo Springs),0,,7/28/22,See WARN,,,,7/28/22,,0,
ADWorks,0,Unforseen Business Circumstance,38,Metco Englewood,,,38,,8/1/22,,Sector 561730: Landscaping,Metco Landscaping (Englewood),0,,7/28/22,See WARN,,,,7/28/22,,0,
Denver,0,Merger wth Whiting & Oasis,104,Chord Energy,,,104,,9/29/22,,Sector: 22 Utilities 118 Other Electrical Power Generators,Chord Energy,0,,12/1/2022,Various (See WARN),,,,6/30/2023,,0,
"Denver, Boulder",0,Closure - Cease Operations,121,Platerra,,,121,,9/29/22,,"Sector 31, 311: Food Manufacturing",Platerra Foods,0,,11/30/2022,Not stated,,,,12/20/22,,0,
ADWorks,0,Business Changes,41,Starry Inc.,,,41,,10/20/22,,Sector 51: Information,Starry Inc.,0,,10/21/2022,Various (See WARN),,,,10/21/22,,0,
Pikes Peak/Teller,0,Refocus business operations,1 (of 72 in CO),Astra Space inc.,,,72 (1 in CO),,11/9/22,,Sector 336414: Guided Missile and Space Vehicle Manufacturing,Astra Space Inc.,0,,11/9/2022,Various (See WARN),,,,11/9/22,,0,
Denver,0,Unknown,1,,,,1,,11/21/22,,Sector 62:Healthcare & Social Assistance,Rume Health,0,,1/20/2023,Trainer,,,,1/20/23,,0,
Boulder,0,Voluntary Resignation,38 (resigned voluntarily),Twitter Supplemental,,,38 (voluntarily resigned),,11/25/22,,Sector 51: Information 519290 Web Search Portals & Other Info Services,Twitter (Boulder) Supplemental,0,,1/20/2023,Various (See WARN),,,,1/20/23,,0,
Boulder,0,Closure/Reduction in Force,43,Inscripta,,,43,,12/2/22,,"Sector 54: Professional, Scientific Services",Inscripta,0,,,Various (See WARN),,,,,,0,
Denver,0,Closure of Retirement Center,55,Centura Porter Place,,,55,,12/14/22,,Sector 62: Healthcare & Social Assistance,Centura Porter Place,0,,2/17/2023,Various (See WARN),,,,2/17/23,,0,
Pueblo,0,Cancellation of Contract,666,Wanzek Construction,,,666,,1/3/23,,Sector 23: Construction,Wanzek Construction,0,,1/3/2023,Unknown,,,,1/3/23,,0,
,4,Other,3,,,,,,4/21/2019,,Sector 81: Other services (except public administration),SSDI,2,,4/21/2019,SSDI,,,,4/21/2021,,,4
,0,COVID/Pandemic Related,0,,,,,,9/1/2020,,Sector 56: Administrative and support and waste management and remediation services,Monkey's Avatar,2,,9/15/2020,Monkeys Avatar,,,,12/31/2020,,,Administrative
,0,COVID/Pandemic Related,1,,,,,,10/1/2020,,"Sector 54: Professional, scientific and technical services",Haley A Jackson,0,,10/1/2020,Haley Jackson,,,,10/1/2021,,,House cleaning
,0,Layoffs Rescinded,0,,,,,,1/8/2021,,Sector 48: Transportation & Warehousing,Southwest Airlines - Update,0,,N/A,Southwest Airlines Update,,,,N/A,,,556 furloughs were rescinded
,0,Closure due to sale,76,,,,,,1/14/21,,Sector:53: Real Estate Rental & Leasing/531190,Strive Communities Management,0,,3/15/21,Strive Communities Management,,,,3/28/21,,,Various: See WARN
,0,Closure,107,,,,,,1/25/21,,Sector 51: Information,Concentrix,0,,3/31/21,Concentrix,,,,3/31/21,,,Not dislclosed
,983,COVID-19 Decrease in air travel,10,,,,,,1/29/21,,Sector 48: Transportation & Warehousing,United Airlines,0,,3/31/21,United Airlines,,,,3/31/21,,,"Front line employees, management & administration positions"
,0,Reduction in Force,280,,,,,,2/17/21,,Sector 22: Utilities/Wind Electric Power Generation,Vestas Blades America Inc.,0,,4/17/21,Vestas Blades America,,,,4/17/21,,,Not dislclosed
,0,Change of Management Company,93,,,,,,2/18/21,,Sector 53: Real Estate Rental & Leasing / 531311- Residential Property Managers,Crestview Management LLC/Columbia Sussex Management,0,,4/1/21,Crestview Management LLC,,,,4/1/21,,,Not disclosed
,0,Closure,107,,,,,,2/18/21,,Sector: 61 Educational Services,Johnson & Wales University,0,,5/4/21,Johnson & Wales University,,,,5/4/21,,,Not dislclosed
,0,Other,87,,,,,,2/22/2021,,Sector 48-49: Transportation and warehousing,Orion Logistics LLC - Amazon Delivery Service Partner,2,,12/27/2020,Orion Logistics,,,,2/27/2021,,,Delivery Drivers
,0,RIF: Loss of contract,44,,,,,,2/26/21,,Sector 42: Consumer Electronics & Computers Retail,PomeroyTechnologies,0,,4/30/21,Pomeroy Technologies,,,,4/30/21,,,Various:See WARN
,3,COVID/Pandemic Related,3,,,,,,3/11/2021,,Sector 72: Accommodation and food services,Hill,3,,1/17/2019,Hill,,,,3/11/2021,,,3
,0,Restructuring  & Closure,417,,,,,,3/23/21,,Sector 55:  Management of companies & enterprises,Santander Consumer USA,0,,12/31/21,Santander Consumer USA,,,,12/31/21,,,"Primarily collections agents, customer service representatives and management"
,0,Closure of facility,400,,,,,,3/24/21,,Sector 32: Manufacturing/pharmaceutical preparation manufacturing,"Novartis Gene Therapies, Inc.",0,,7/9/21,Novartis,,,,7/29/21,,,Not disclosed
,0,Closure,252,,,,,,4/13/21,,Sector 51: Information,TTECH Services Corporation,0,,6/26/21,TTECH Services Corporation,,,,7/10/21,,,Hourly customer service positions
,0,Loss of Business/COVID related,5,,,,,,4/23/21,,Sector 56: Asset Adjusters,ART Asset Adjusters,0,,4/23/21,ART Asset Adjusters,,,,4/23/21,,,"Asset Services, data services, and recovery agents"
,0,Loss of contract,233,,,,,,5/6/21,,Sector 56: Facilities Support Services,ABM,0,,5/31/21,ABM,,,,5/31/21,,,"Cleaner, leads, floor techs, district manager, zone manager & administration positions"
,0,Other,287,,,,,,5/19/21,,Sector 52: Investment Banking and Securities Dealing,T. Rowe Price,0,,8/1/21,T. Rowe Price,,,,8/1/21,,,Various:See WARN
,0,Closure,102,,,,,,6/1/21,,Sector 23: Construction,Katerra Inc.,0,,6/4/21,Katerra Inc.,,,,8/5/21,,,"Various: Project engineers, apprentices, carpenters, construction managers, Foremen"
,0,Seeking alternative financing that may impact layoffs,-,,,,,,6/3/21,,Sector 23: Construction,Katerra Inc. Update Supplemental,0,,6/4/21,Katerra Inc. Supplemental,,,,8/5/21,,,"Various: Project engineers, apprentices, carpenters, construction managers, Foremen"
,50,Other,0,,,,,,6/4/2021,,Sector 23: Construction,T&H Services LLC,50,,8/5/2021,T&H Services LLC,,,,8/6/2021,,,Unsure of total impact at this time - Government Budget impacts are not completely apparent
,0,Other,89,,,,,,6/22/2021,,"Sector 54: Professional, scientific and technical services","Computer Task Group, Inc",0,,8/31/2021,Computer Task Group,,,,8/31/21,,,"Customer Service Representatives (85), Account Manager (1), Staff Support Manager (2), Director (1)"
,0,Seeking sale or purchase,-,,,,,,7/2/21,,Sector 23: Construction,Katerra Inc. Update Supplemental2,0,,6/4/21,Katerra Inc. Supplemental 2,,,,8/5/21,,,"Various: Project engineers, apprentices, carpenters, construction managers, Foremen"
,0,Closure,85,,,,,,7/6/21,,Sector 45: Retail Trade,Walmart Store #6177,0,,7/23/21,Walmart,,,,10/8/21,,,Not stated
,2,COVID/Pandemic Related,0,,,,,,7/15/2021,,Sector 31-33: Manufacturing,"Process Solutions of Durango, Inc.",0,,7/15/2021,Process Solutions,,,,12/31/2021,,,Not disclosed
,0,Outsourcing,434,,,,,,7/30/21,,Sector 48: Transportation & Warehousing,United Airlines Update,0,,10/19/21,United Airlines Update,,,,11/2/21,,,Food service workers
,0,Closure,8,,,,,,8/2/2021,,Sector 81: Other services (except public administration),Continuum of Colorado,0,,10/2/2021,Continuum of Colorado,,,,10/2/21,,,Direct Support Professional
,0,COVID/Pandemic Related,4,,,,,,8/15/2021,,Sector 81: Other services (except public administration),The beez kneez organic gardens,2,,7/20/2020,Beez Kneez,,,,5/1/2021,,,Gardeners and landscapers
,0,Closure,5,,,,,,9/7/2021,,Sector 81: Other services (except public administration),Continuum of Colorado,0,,11/8/2021,Contiuum of Colorado,,,,11/8/21,,,Direct Support Professional
,0,Closure,9,,,,,,9/7/2021,,Sector 81: Other services (except public administration),Continuum of Colorado,0,,11/8/2021,Continuum of Colorado,,,,11/8/21,,,Direct Support Professionals
,0,Acquisition of Company,56,,,,,,9/9/2021,,"Sector 21: Mining, quarrying and oil and gas extraction",Crestone Peak Resources LLC,0,,10/15/2021,Crestone Peak Denver,,,,10/15/2021,,,All
,0,Acquisition of Company,90,,,,,,9/9/2021,,"Sector 21: Mining, quarrying and oil and gas extraction",Crestone Peak Resources LLC,0,,10/15/2021,Crestone Peak Weld,,,,10/15/2021,,,All
,0,Acquisition of Company,13,,,,,,9/9/2021,,"Sector 21: Mining, quarrying and oil and gas extraction",Crestone Peak Resources LLC,0,,10/15/2021,Crestone Peak ADW,,,,10/15/2021,,,All
,3,COVID/Pandemic Related,3,,,,,,9/13/2021,,Sector 23: Construction,Moore Bros,0,,9/13/2021,Moore Bros,,,,9/13/2021,,,Selling and building
,0,Unforeseeable Business Circumstances,12,,,,,,10/7/2021,,Sector 42: Wholesale Trade Durable Goods,First Nation Group,0,,10/7/21,First Nation,,,,11/5/2021,,,Unknown
,0,Eliminating Zillow Offers Line of Business,20,,,,,,11/4/21,,Sector 53: Real Estate Rental & Leasing,Zillow Group,0,,1/3/22,Zillow Group,,,,12/31/22,,,Unknown
,0,Eliminating Zillow Offers Line of Business,1,,,,,,11/18/21,,Sector 53: Real Estate Rental & Leasing,Zillow Group Update 11-18-21,0,,1/17/22,Zillow Group Update 11-18-21,,,,1/17/22,,,Unknown
,0,Unforeseeable Business Circumstances,83,,,,,,11/22/21,,"Sector 21: Mining, Quarrying, and Oil & Gas Extraction",Ouray Silver Mines,0,,12/22/21,Ouray Silver Mine,,,,12/22/21,,,"Mine, surface, maintenance, warehouse, mill accounting, technical, environmental"
,0,Unforeseeable Business Circumstances,94,,,,,,11/29/21,,Sector 62: Healthcare and Social Assistance,HSS Inc.,0,,12/31/21,HSS Inc.,,,,12/31/21,,,"Security Agents and Officers, supervisors, and scheduler"
,0,Eliminating Field Operations,"61 total, 4 in CO",,,,,,12/20/21,,Sector 561621: Security Systems Services,Monitronics International- Brinks Home,0,,10/10/21,Monitronics International - Brinks Home,,,,10/10/21,,,Field Sales & Management
,0,Sale of Company,160,,,,,,12/30/21,,Sector 72: Accomodation and food services,513 Hotel Operating LLC,0,,12/31/21,513 Hotel Operating LLC,,,,12/31/21,,,Various hotel staff (See WARN for details)
ADW,3,COVID 19 Extended Furlough,,Avis Budget Group,,,3,,8/31/2020,,53,Avis Budget Group,,,8/31/20,"Account Manager, Analyst Q&A, Local Sales Market Manager",,,,,,,
Denver,,COVID - Temporary,,ABM,,,178,,6/30/2020,,56,ABM,178,,4/10/2020,"Various: Supervisor, Administrative Assistant, Shuttle Driver and Bus Attendants",,,,,,,
Denver,,"COVID 19 - 22 permanent, 23 temporary",22,Airport Mgmt Services & Hudson Group,,,45,,9/8/2020,,48,Airport Management Services & Hudson Group,23,,10/1/20,"Service Associates including stock and warehouse, Supervisors; 22 permanent, 23 Temporary",,,,,,,
Arapahoe/Douglas,,COVID - Temporary,,Alamo Drafthouse Littleton - Update,,,87,,8/17/2020,,72,Alamo Drafthouse Cinema Littleton - Update,72,,8/17/20,Not disclosed,,,,,,,
Denver,,COVID - Temporary,,Alamo Drafthouse Sloans Lake Update,,,87,,8/17/2020,,72,Alamo Drafthouse Cinema Sloans Lake Update,87,,8/17/20,Not disclosed,,,,,,,
Adams,,COVID - Temporary,,Alamo Westminster Update,,,87,,8/17/2020,,72,Alamo Drafthouse Cinema Westminster  - Update,87,,8/17/20,Not disclosed,,,,,,,
Denver,,Mass Layoff - Permanent,,Alamo Rent-A-Car,,,67,,4/30/2020,,53,Alamo Rent-A-Car,67,,4/3020,"Various: Customer Service Agent, Service Agent, DOT Bus Driver, Exit Booth, Greeter",,,,,,,
Denver,85,Furlough,,Alsco,,,85,,3/20/2020,,81,Alsco,,,3/20/20,"Production, Route Sales Representatives",,,,,,,
Denver,107,"COVID-19 - 2 Permanent, 107 Temporary Fulough",2,American Airlines,,,109,,7/15/2020,,48,American Airlines,,,10/1/20,Not Disclosed,,,,,,,
Denver,,Permanent,154,American Pathology Partners,,,154,,11/6/2020,,62,American Pathology Partners and APP-UniPath,,,1/6/21,"Logistics, histology, accessioning, molecular services, cytology, administration, sales, client relations, hospital services, clinical services",,,,,,,
Jefferson,,COVID - Permanent,58,Ameristar - Update,,,58,,8/28/2020,,72,Ameristar Casino Resort & Spa Black Hawk,,,11/1/20,Various,,,,,,,
Gilpin/Jefferson,,Mass Layoff- Permanent,117,Ameristar Casino Resort Spa,,,117,,6/11/2020,,72,Ameristar Casino Resort Spa,,,9/15/2020,Not disclosed,,,,,,,
Larimer,,Sale of Company,71,Anheuser-Busch,,,71,,9/29/2020,,31,Anheuser- Busch - Loveland,,,12/4/2020,"Various: sales, drivers and more",,,,,,,
Pikes Peak,,Sale of Company,59,Anheuser-Busch,,,59,,9/29/2020,,31,Anheuser-Busch - Colo springs,,,12/4/2020,"Various: drivers, drivers, merchandiser, and more (see WARN)",,,,,,,
Denver,,Sale of Company,220,Anheuser-Busch,,,220,,9/29/2020,,31,Anheuser-Busch - Denver,,,12/4/2020,"Various: analysts business development, marketing, driver, mechanics and more (see WARN)",,,,,,,
Arapahoe/Works,,Sale of Company,50,Anheuser-Busch,,,50,,9/29/2020,,31,Anheuser-Busch - Littleton,,,12/4/2020,"Various: analysts, drivers, sales, warehouse and more (see WARN)",,,,,,,
Pikes Peak,,"COVID 19 - 8 permanent, 20 temporary",8,Antlers Wyndham Hotel,,,28,,9/10/2020,,72,"Antlers, a Wyndham Hotel",20,,9/10/20,"Sales admin, barista, line cook, restaruant manager, security officer, bartender, valet gift shop attendant, server, steward and others. 288 permanent, 20 temporary",,,,,,,
Weld,10,Furlough,,Aqua,,,10,,4/13/2020,,33,Aqua Hot Heating Systems,,,3/26/20,Various,,,,,,,
Rural Resort,,COVID - Temporary,,Arabelle,,,17,,5/4/2020,,72,Arabelle at Vail Square,17,,Not available,17 EMPLOYEES TOTALING 99,,,,,,,
Denver,,COVID-Temporary,,Aramark Coors Field,,,71,,10/16/2020,,72,Aramark at Coors Field,71,,Unknown,Various,,,,,,,
Denver,,COVID-Temporary,,Aramark Mission Ballroom,,,904,,10/16/2020,,72,Aramark at Mission Ballroom,904,,Unknown,Various,,,,,,,
Arapahoe/Dougless,97,Furlough,,Arapahoe Fitness,,,97,,3/31/2020,,71,Arapahoe Fitness LLC,,,3/31/20,"Managers, Trainers, Front Desk, Member Sales, Instuctors",,,,,,,
Rural Consortium,,COVID-19 Temporary Closure,,Arrabelle at Vail,,,82,,4/6/2020,,72,Arrabelle at Vail Square,82,,4/6/20,Unspecified,,,,,,,
Arapahoe/Dougless,52,Furlough,,Aurora Health & Fitness,,,52,,3/31/2020,,71,Aurora Health & Fitness,,,3/31/20,"Managers, Trainers, Front Desk, Member Sales, Instuctors",,,,,,,
ADW,2,COVID 19 Extended Furlough,,Avis Budget Group,,,2,,8/31/2020,,53,Avis Budget Group (ADW - Englewood),,,8/31/20,Technicians,,,,,,,
Denver,2,COVID 19 Extended Furlough,,Avis Budget Group,,,2,,8/31/2020,,53,Avis Budget Group (Denver),,,8/31/20,"Sales Performance Manager, Territority Performance Manager",,,,,,,
Denver,,Fulough and Permanent,260,Avis Budget Group,,,260,,4/10/2020,,53,Avis Budget Group/Avis Budget Car Rental,,,3/13/20,"Agents, Customer Service Reps, Associate Rental Sales, Administrative, mechanic, shuttlers etc.",,,,,,,
Denver,,COVID-19: Mass Layoff,,Barcelona Wine Bar,,,69,,5/2/2020,,72,Barcelona Wine Bar,69,,3/18/20,Not Disclosed,,,,,,,
Boulder,,Mass Layoff- Temporary,,Bartaco,,,53,,4/1/2020,,72,Bartaco,53,,3/21/20,Not disclosed,,,,,,,
Rural Consortium - Eastern Sub-Area,,Permanent,51,Basic Energy Srvs,,,51,,4/15/2020,,21,Basic Energy Services,,,4/15/20,Various: Managers & Supervisors,,,,,,,
Ft. Morgan,,Permanent,26,Basic Energy Services,,,26,,4/23/2020,,21,Basic Energy Services (Updated),,,4/23/20,"Equipment Operators, Mechanics, Field Supervisor, Welder, Staff Assistant",,,,,,,
Rural Consortium - Eastern,,Permanent,26,Basic Energy Update,,,26,,4/23/2020,,21,Basic Energy Services (Updated),,,4/23/20,"Equipment Operators, Mechanic, Field Supervisor-Pumping Services, Machinist, Welder, Staff Assistant",,,,,,,
Rural Consortium,,COVID-19 - Temporary Closure,,Beaver Creek,,,297,,4/6/2020,,72,Beaver Creek Resort,297,,4/6/20,Unspecified,,,,,,,
Rural Resort,,COVID - Temporary,,Beaver Creek Resort,,,26,,5/4/2020,,72,Beaver Creek Resort,26,,Not available,26 ADDITIONAL tOTALING 323,,,,,,,
Araphaoe/Douglas,98,COVID-19 - Furloughs,,Bed Bath & Beyond,,,98,,4/17/2020,,44,Bed Bath & Beyond,,,4/4/20,Not Disclosed,,,,,,,
"Multiple: A/D, Boulder, Rural Consortium",,COVID-19 - Temporary Closure,,Bicycle Village,,,65,,4/6/2020,,45,Bicycle Village,65,,4/6/20,Unspecified,,,,,,,
Rural Resort,,COVID - Temporary,,Bicycle Village,,,1,,5/4/2020,,45,Bicycle Village,1,,Not available,1 ADDITIONAL TOTALING 62,,,,,,,
Denver,,Closure - Permanent,137,Bluprint,,,137,,5/22/2020,,54,Bluprint (3 locations),,,7/22/20,"Various: Photographers, Product Managers, Customer Support, Engineers, Editors and Others",,,,,,,
Rural Resort,,COVID - Temporary,,Breckenridge Ski Resort,,,24,,5/4/2020,,71,Breckenridge Ski Resort,24,,Not available,24 ADDITIONAL TOTALING 129,,,,,,,
Rural Resort,,COVID - Temporary,,Breckenridge SSBRK,,,55,,5/4/2020,,71,Breckenridge SSBRK,55,,Not available,Not Disclosed,,,,,,,
Rural Consortium,,COVID-19 - Temporary Closure,,Breckenridge Ski,,,105,,4/6/2020,,71,Brekenridge Ski Resort,105,,4/6,Unspecfiied,,,,,,,
Denver,,COVID-19 Temporary,,Brown Palace,,,298,,5/21/2020,,72,Brown Palance Denver,298,,5/21/20,"Various: Cooks, Food Servers, Bussers, Laundry, Banquet Servers, Hostesses and more.",,,,,,,
Adams,,COVID-19/Temporary Closure,,Rusty Bucket,,,65,,3/23/20,,72,Calimira dba Rusty Bucket Restraunt & Tavern,65,,3/16/20-3/20/20 and 3/21/20-3/31/20,Not disclosed,,,,,,,
Arapahoe/Douglas,,COVID Temporary,,Cameron Mitchell Restaurants AD,,,56,,12/8/2020,,72,Cameron Mitchell Restaurants - AD,56,,11/20/20-11/30/20,"servers, bartenders, managers, cooks, chefs, home office employees, directors and executives",,,,,,,
Denver,,COVID - Temporary,,Cameron Mitchell Restaurants-Denver,,,70,,12/8/2020,,72,Cameron Mitchell Restaurants-Denver,70,,11/20/20-11/30/290,"servers, bartenders, managers, cooks, chefs, home office employees, directors and executives.",,,,,,,
Denver,,COVID - Temporary,,Centerplate Sodexo,,,276,,11/17/2020,,42,Centerplate Sodexo,276,,12/16/20,Various,,,,,,,
Weld,78,Furlough,,Ft Lupton,,,78,,4/8/2020,,92,City of Fort Lupton,,,4/18/20,,,,,,,,
ADWorks,,COVID-19/Temporary Closure,,Clear Choice,,,120,,3/23/2020,,62,ClearChoice,120,,3/23/20,55 layoffs and 13 furloughs,,,,,,,
Denver DIA,,COVID-19 - Temporary Closure,,Columbo,,,21,,3/26/2020,,72,Colombo,21,,3/29/20,undisclosed,,,,,,,
Boulder,186,Furlough,,Colo Athletic Boulder,,,186,,3/30/2020,,79,Colorado Athletic Club - Boulder,,,3/20/20,Not disclosed,,,,,,,
Arapahoe/Dougless,115,Furlough,,Colorado Athletic - DTC,,,115,,3/30/2020,,79,Colorado Athletic Club - DTC,,,3/20/20,Not disclosed,,,,,,,
Boulder,115,Furlough,,Colorado Athletic Flatiron,,,115,,3/30/2020,,79,Colorado Athletic Club - Flatiron,,,3/20/20,Not disclosed,,,,,,,
Arapahoe/Dougless,135,Furlough,,Colorado Athletic Inverness,,,135,,3/30/2020,,79,Colorado Athletic Club - Inverness,,,3/20/20,Not disclosed,,,,,,,
Denver,192,Furlough,,Colorado Athletic Monaco,,,192,,3/30/2020,,79,Colorado Athletic Club - Monaco,,,3/20/20,Not disclosed,,,,,,,
Denver,144,Furlough,,Colo Athletic Tabor Ctr,,,144,,3/30/2020,,79,Colorado Athletic Club - Tabor Center,,,3/20/20,Not disclosed,,,,,,,
Denver,88,Furlough,,Colorado Athletic Union Station,,,88,,3/30/2020,,79,Colorado Athletic Club - Union Station,,,3/20/20,Not disclosed,,,,,,,
Pikes Peak,59,Furlough,,Col Fitness Holdings,,,59,,3/31/2020,,79,Colorado Fitness Holdings,,,3/31/20,"Managers, Trainers, Front Desk, Member Sales, Instuctors",,,,,,,
"Multiple: Rural Consortium, Denver",,COVID-19 - Temporary Closure,,CO Mtn Express,,,198,,4/6/2020,,48,Colorado Mountain Express,198,,4/6/20,Unspecified,,,,,,,
Rural Resort,,COVID - Temporary,,Colorado Mtn Express,,,13,,5/4/2020,,48,Colorado Mountain Express,13,,Not available,Not Disclosed; 13 additional totaling 211,,,,,,,
"Multiple: A/D, Pikes Peak, Jeffco",,COID-19 - Temporary Closure,,CO Ski & Golf,,,133,,4/6/2020,,45,Colorado Ski & Golf,133,,4/6/20,Unspeficied,,,,,,,
Rural Resort,,COVID - Temporary,,Colorado Ski and Golf,,,10,,5/4/2020,,45,Colorado Ski & Golf,10,,Not available,Not Disclosed; 10 additional totaling 143,,,,,,,
Arapahoe/Douglas,,COVID - Temporary,,Cox Automotive,,,163,,5/8/2020,,51,Cox Automotive,163,,5-17-20,Not Disclosed,,,,,,,
Denver,,COVID-19 - Temporary Closure,,Curtis Hotel,,,182,,3/27/2020,,72,Curtis Hotel,182,,3/27/20,"Wait staff, bartenders, parking attendants, cooks, front desk, baristas, bellmen, room attendants",,,,,,,
Denver,136,COVID Permanent,,Curtis Hotel Update,,,136,,7/6/2020,,72,Curtis Hotel Update,,,6/5/20 to 6/22/20,"Housekeeping, prep cooks, banquet service, baristas, wait staf, bellman,  and more.",,,,,,,
Denver,,COVID-Temporary,,Czarnowski,,,53,,5/15/2020,,54,Czarnowski,53,,"5/22/20, 5/26/20, 5/29/20","Various: 3D Designer, Account Mgr, Admin Graphics, Carpenters, Proj Mgr and more",,,,,,,
Denver,9,Temporary furloughs,,Czarnowski - Update,,,9,,6/5/2020,,54,Czarnowski - Update,,,"6/10/20, 6/17/20, 6/22/20, 6/26/20","Various:  3D Designer, Account Manager, Inventory, Carpenter Inventory Control, CNC Operator, Warehouse, Rental",,,,,,,
Denver,,COVID Temporary,,Czarnowski Update,,,20,,7/15/2020,,54,Czarnowski Update,20,,7/18/20-8/11/20,"Account Managers, Carpenters, Accounting Assitants, CAD, data entry Rental CAD, Rental designer and more",,,,,,,
Denver,136,COVID 19 Permanent,,Dave & Busters Denver,,,136,,9/8/2020,,72,Dave and Busters Denver,,,11/8/20,Not specified,,,,,,,
Adams,98,COVID 19 Permanent,,Dave & Busters Westminster,,,98,,9/8/2020,,72,Dave and Busters Westminster,,,11/8/20,Not specified,,,,,,,
Denver,,COVID Temporary,,Delaware North Company,,,96,,7/28/2020,,72,Delaware North Company,96,,7/28/20,"Various: Bartenders Cocktail Servers, Cooks, Utility workers, Stand Attendants, and more",,,,,,,
Denver,53,Permanent Mass Layoff (Ending Contract),,Deliverol Global,,,53,,8/10/2020,,49,Deliverol Global,,,8/10/20,"Various: Delivery Associates, Shift and Site Leads",,,,,,,
Rural Consortium,,COVID-19-Temporary Closure,,Del's Diner,,,14,,3/17/2020,,72,Dels Diner,14,,3/17/20,"cooks, waitresses, management",,,,,,,
Denver,,Mass Layoff -Temporary/Some Permanent,,Denver Center for Performing Arts,,,151,,5/27/2020,,72,Denver Center for Performing Arts,151,,6/1/20,"Various: Ticket Agents, Stage Hands, Office Managers, Production Electricians and Ohters",,,,,,,
Denver,69,Furloughs,,Crown Plaza,,,69,,5/8/2020,,72,Denver Crown Plaza,,,3/12/20,"Various: Banquet Servers & Setup, Accounting Clerk, Engineer, Barista, Event Sales, Front Desk and others",,,,,,,
Denver,28,Furlough,,Discovery,,,28,,4/8/2020,,21,Discovery Natural Resources,,,4/8/20 - 5/1/20,Not disclosed,,,,,,,
Denver,,COVID Temporary,,Doubletree 3203 Quebec,,,103,,7/31/2020,,72,Double Tree by Hilton Update -3203 Quebec,103,,7/31/20,Not disclosed,,,,,,,
Pikes Peak,,COVID-19 Temporary,,Doubletree,,,177,,5/15/2020,,72,DoubleTree Colorado Springs,177,,3/16/20,"Various: Accounting Personnel, Sales and Event Managers, Operations Managers, Front Line Supervisors, Shuttle drivers",,,,,,,
Arapahoe/Douglas,,COVID-19 - Temporary Closure,,Doubletree DTC,,,87,,4/2/2020,,72,Doubletree Denver Tech Center,87,,3/13/20,Various: Request WARN for detail.,,,,,,,
Denver,,COVID-Permanent,27,Doubletree Denver,,,27,,10/20/2020,,72,Doubletree Denver Tech Center,,,10/22/20,Not specified,,,,,,,
Mesa,,COVID-19 - Temporary Closure,,Doubletree GJ,,,52,,4/2/2020,,72,Doubletree Grand Junction,52,,3/13/20,Various: Request WARN for detail.,,,,,,,
Boulder,,COVID 19- Temporary Closure,,Dynalectric,,,2,,3/27/2020,,23,Dynalectric Company,2,,3/13/20,undisclosed,,,,,,,
Denver,,COVID-19 - Temporary Closure,,Dynalectric,,,1,,4/2/2020,,23,Dynalectric Company,1,,3/30/20,Various: Request WARN for detail.,,,,,,,
Pikes Peak,1,Furlough,,Dynalectric,,,1,,4/10/2020,,23,Dynalectric Company,,,4/18/20,Not Disclosed,,,,,,,
Denver & Arapahoe/Douglas,,COVID-19 - Temporary Closure,,Earls,,,134,,3/25/2020,,72,Earls Restaurants USA Inc.,134,,3/25/20,"servers, dishwashers, cook, bartender, prep, setter dining & lounge, host +",,,,,,,
Denver,,COVID-19 Temporary Closure,,Embassy Suites,,,118,,3/30/2020,,72,Ebassy Suites Denver Downtown,118,,3/19/20,Variety of positions - Request WARN for detail,,,,,,,
Grand Junction (Mesa),101,Mass Layoff- Permanent,,EcoGen,,,101,,6/19/2020,,33,EcoGen Laboratories,,,6/17/2020 - 7/1/2020,Variety of postions - Request WARN for detail,,,,,,,
Mesa,101,COVID Permanent,,EcoGen Labs - Update,,,101,,7/23/2020,,33,EcoGen Laboratories - Update,,,5/26/20-July/22/20,Not specified,,,,,,,
Mesa,168,COVID Permanent,,Ecogen Update,,,168,,7/23/2020,,33,Ecogen Laboratories Update,,,7/23/20,Not disclosed,,,,,,,
Denver DIA,,COVID-19 - Temporary Closure,,Einstein Brothers,,,34,,3/26/2020,,72,Einstein Brothers,34,,3/29/20,undisclosed,,,,,,,
Boulder,1,COVID Furlough,,Electro Rent,,,1,,5/16/2019,,53,Electro Rent,,,,"Electronic Tech, Digital Demand Generation, IT Tech Support, Test Equipment Operator, Equipment Support Techs, Production Operator",,,,,,,
Denver,,COVID Permanent,55,Electro Rent Update,,,55,,7/1/2020,,53,Electro Rent,,,7/1/20,"Various: Equipment Support Techs, Electronic Techs, Customer Support Tech, Territory Account Mgrs, and more",,,,,,,
Araphaoe/Douglas,,COVID-19 Temporary Closure,,Electronic Recyclers,,,26,,3/25/2020,,42,Electronic Recyclers,26,,3/24/20,"Operators, environmental and Safety, production, truck driver, HR assistant, loss prevention",,,,,,,
Larimer,,COVID-19 - Temporary Closure,,Elizabeth Hotel,,,111,,3/27/2020,,72,Elizabeth Hotel,111,,3/27/20,"Wait staff, bartenders, parking attendants, cooks, front desk, baristas, bellmen, room attendants",,,,,,,
Boulder,,COVID-19 - Temporary Closure,,,,,126,,3/27/2020,,72,Embassy Suites & Hilton Garden Inn Boulder,126,,3/27/20,Variety of positions - Request WARN for detail,,,,,,,
Boulder,,Reinstate and COVID Temporary,,Embassy Suites Boulder,,,61,,5/15/2020,,72,Embassy Suites Boulder -Update,61,,6/13/20,"Various: Cooks, Laundry, Managers, Breakfrast Attendnance and others; REINSTATING 95 AND LAYING OFF 61",,,,,,,
Pikes Peak,57,COVID-19 Permanent RIF,,Embassy Suites Colo Springs,,,57,,6/26/2020,,72,Embassy Suites by Hilton Colo Springs - Updated,,,7/1/20,"Various: Banquet Server, Bartenders, Comp Bar, Cooks, Sales, Front Desk, Housekeepers, Maintenance and others",,,,,,,
Denver,56,COVID-19 Permanent RIF,,Embassy Suites Denver,,,56,,6/26/2020,,72,Embassy Suites by Hilton Denver Tech North  - Updated,,,7/1/20,"Various: Banquet Server, Bartenders, Comp Bar, Cooks, Sales, Front Desk, Housekeepers, Maintenance and others",,,,,,,
Denver,112,COVID Permanent,,Embassy Suites Denver Downtown Update,,,112,,6/29/2020,,72,Embassy Suites Denver Downtown Update,,,6/29/20,"Banquet servers, sales managers, housekeeping room attendants, dishwashers, servers and more",,,,,,,
Denver,83,Mass Layoff - Permanent,,Enterprise and National Rent-A-Car,,,83,,4/30/2020,,53,Enterprise and National Rent-A-Car,,,4/30/20,"Various: DOT Bus Drivers, Drivers, Return Agents, Maintenance Techs and others",,,,,,,
Boulder & Longmont,,Closure,,,,,210,,1/8/2019,,,AstraZeneca,,,3/22/19,"Quality Control, technicians, engineers & others",,,,,,,
Boulder,,Closure,,,,,86,,10/23/2019,,,Backflip Studios,,,12/23/19,"Various: creative roles, management, engineers, product managers",,,,,,,
Arapahoe/Douglas,,Loss of Contract/Closure,,,,,136,,9/23/2019,,,Brown Brothers Harriman & Co.,,,11/25/19 - 9/30/20,Various: CPAs CPAs Administrative positions related to investments,,,,,,,
Boulder,,Closure,,,,,100,,2/5/19,,,"Conagra Brands, Inc.",,,5/24/19 - 3/20/20,Not reported,,,,,,,
Arapahoe/Douglas,,Closure,,,,,283,,4/26/2019,,,Crothall Healthcare Environmental Services,,,6/30/19,"Housekeepers,  Admin, Operations, Patient Ambassadors",,,,,,,
Larimer,,Closure,,,,,121,,10/30/2019,,,"Energes Services, LLC",,,"10/30/2019, 11/8/2019, 11/22/2019, 11/29/2019","Various: Construction, Maintenece, Admin",,,,,,,
Pikes Peak (Colo Springs),,Mass Layoff,,,,,196,,1/7/2020,,,Geo Reentry Services LLC,,,3/6/2020,"Various: Corrections Personnel (136), Rehabilitation Providers/Therapists (23), General Admin (17), Food Service (6), Medical (14)",,,,,,,
Mesa,,Mass Layoff,,,,,178,,10/7/2019,,,Halliburton Energy Services Inc.,,,10/7/19,"Various: Drivers, Service Coordinators, Planners, Material Handlers, Mechanic Technicians, Parts Techs, Coordinators",,,,,,,
Pikes Peak,,Closure,,,,,229,,11-1-19 received 11/19/19 via Local Area/Suthers office,,,HomeAdvisor,,,1/1/20 to 1/14/20,Various: Predominately Sales Consultants and Project Advisors,,,,,,,
Arapahoe/Douglas (Centennial),,Downsizing,,,,,850,,3/21/19 (received  3/22/19),,,Invesco (OppenheimerFunds OFI),,,5/25/19 (thru 18 mo following),Not disclosed in WARN,,,,,,,
Denver,,Closure/Sale of Company/Restructuring,,,,,92,,12/10/2019,,,Jagged Peak Energy Inc,,,Closure 1/10/20- 04/10/20,Various: Request WARN notification for specifics.,,,,,,,
Denver,,Loss of Pepsi Center Contract,,,,,56,,9/30/2019,,,Levy Premium Foodservice LP,,,9/30/19,"Various Positions:  Servers (14), Cooks (13), Supervisors (6), Food Runners (4), Cashiers (3) and other positions",,,,,,,
Denver,,Downsizing,,,,,300,,10/30/2019,,,Molson Coors,,,12/31/19,Not disclosed in WARN,,,,,,,
Pikes Peak,,Closure,,,,,60,,3/1/19 (received on 3/22/19),,,National Express Transit (NEXT),,,6/30/19,"3 Managers and 57 hourly employees including General Manager, Saftety Manager/OPS, Drivers, Dispatchers, Dispatch Reservation Manager, Road Supervisors, Utility Workers, Scheduler, Reservationist",,,,,,,
Denver,,Restructuring/Closure of site,,,,,56,,8/16/2019,,,Nestle USA Inc and Nestle Dreyer's Ice Cream,,,10/18/19-12/31/19,"Various: Sales, Delivery Drivers, Merchandisers, Warehouse",,,,,,,
Denver,,Mass Layoff,,,,,1,,10/29/2019,,,Oakwood Worldwide,,,12/30/2019,Operations Manager,,,,,,,
Denver,,Loss of Contract with United Airlines,,,,,439,,7/15/19 (received 7/16/19),,,PrimeFlight Aviation Services Inc.,,,9/18/19,"Various positions: Cabin Appearance Staff (380), Inventory Control (17), Operations Managers, & other positions",,,,,,,
Denver,,Closure,,,,,134,,1/18/2019,,,Pura Vida Fitness & Spa,,,4/15/19,"Managers/Directors, therapists, instructors, & others",,,,,,,
Arapahoe/Douglas,,Loss of Contract,,,,,40-60,,10/4/19,,,QCData,,,11/29/19 - 1/31/2020,Unknown,,,,,,,
Denver,,Merger,,,,,57,,1/15/2019,,,Resolute Natural Resources Company LLC,,,3/1/19,"Various: administration, engineers, & others",,,,,,,
Pikes Peak,,Loss of Contract,,,,,77,,1/26/2020,,,S4 Inc.,,,Downsize 1/26/20,Various: IT positions,,,,,,,
Broomfield,,Closure,,,,,56,,3/18/2019,,,"Sandoz Inc, A Novartis Division (Next Phase)",,,5/18/19 - 6/1/19,"Management, Production Technicans, administrative, Material Handlers",,,,,,,
Broomfield,,Closure,,,,,24,,1/7/19 & 4/6/2020,,,"Sandoz Inc., A Novartis Division (Update)",,,4/13/19-5/30/19,"Production Technicians, Chemists, & more",,,,,,,
Broomfield,,Closure,,,,,24,,7/6/19-7/31/19,,,Sandoz-Novartis,,,7/6/19 - 7/31/19,"Lead Technicians (5), Equipment Maintenance Tech III (3), Production Technician III (16)",,,,,,,
Broomfield,,Closure,,,,,67,,7/8/2019,,,Sandoz-Novartis,,,9/7/19 - 12/31/19,"Various positions: Administrative, Chemist, Supply Chain, Production, Quality, Techs, Logistics",,,,,,,
Broomfield,,Closure,,,,,37,,8/5/19,,,Sandoz-Novartis,,,10/5/19-12/31/19,"Various Positions: Logistics Productioins Support, Compliance, Quality Engineer, HR Specialist, Trainer, Management",,,,,,,
Broomfield,,Closure,,,,,116,,2/11/2019,,,Sandoz/Novartis (2nd Wave of Layoffs),,,4/13/19 - 5/19/19,"Production technicians, chemists, process & others",,,,,,,
Denver,,Closure,,,,,68,,10/24/19,,,Smithfield Fresh Meats Corporation,,,12/31/19 to 3/26/20,"Various: General Labor, Crew Leaders, Equipment Operators, Forklift Operations and others.",,,,,,,
Denver,,Divesting Product line/Sale to Acrotech Biopharma,,,,,3,,2/13/2019,,,Spectrum Pharmaceuticals,,,4/12/19,"Application system analyst, data compliance officer, VP Sales",,,,,,,
Denver,,Closure (Temporary 18-24 mo),,,,,18,,1/2/2019,,,The Inn at Cherry Creek,,,"3/3/19, 3/31/19","Front office, housekeeping, exec office, engineering & others",,,,,,,
Arapahoe/Douglas,,Change in Business Circumstances,,,,,80,,8/29/2019,,,Transform SR LLC (060401 & 01141 Units),,,12/15/19,"Various: Consultative Sales, Managers, Store Support, Fulfillment Center, Cashier, Auto Technicians, Customer Service",,,,,,,
Arapahoe/Douglas,,Ending work-from-home ops,,,,,174,,10/5/2019,,,TTEC Services Corporation,,,10/5/19,Primarily Customer Service Agents working in different locations across the U.S.,,,,,,,
Denver,,Closure,,,,,74,,5/10/2019,,,Upsher-Smith Laboratories LLC,,,8/2/19 - 3/31/20,"Various postions: Manufacturing Technicians, scientists, engineers, technical services, instrument controls, operations",,,,,,,
Arapahoe/Douglas,,Closure,,,,,61,,3/25/2019,,,Westrock,,,"3/25/19, 4/24/19, 5/24/19","Production workers, auditors, technicians & others",,,,,,,
Colorado Springs,,Downsize,,,,,203,,1/9/2019,,,"WideOpenWest Networks LLC and WideOpenWest Illinois, LLC",,,3/10/19  (184) & 5/31/19  (19),"Customer Advocates, Business Tech Sup, Sales Retention Specialists & more",,,,,,,
Jefferson (Golden),,Reorganization and relocation,,,,,54,,1/7/2020,,,Zahn Dental,,,3/9/2020,"Various: Customer Care, CAD Scanners, Finishing Technicians, Machine Operators, Finishing Technicians & others",,,,,,,
,,Closure (Cease Operations),,,,,272,Arapahoe/Douglas,2/2/2019,,,"Advantage Logistics USA West LLC - Aurora, CO",,,,,,,,,,,
,,Closure (Cease Operations),,,,,475,Pikes Peak,2/2/2019,,,"Advantage Logistics USA West LLC - Fountain, CO",,,,,,,,,,,
,,Reorganization,,,,,8,Adams,8/9/2018,,,Ameritrade Holding Company,,,,,,,,,,,
,,Closure,,,,,210,Boulder & Longmont,1/8/2019,,,AstraZeneca,,,,,,,,,,,
,,Closure,,,,,399,Denver,6/29/2018,,,Chipotle Mexican Grill,,,,,,,,,,,
,,Closure,,,,,100,Boulder,05/24/19 - 3/20/2020,,,"Conagra Brands, Inc.",,,,,,,,,,,
,,Change in business conditions,,,,,410,Pikes Peak,8/10/2018,,,Conduent Commercial Solutions LLC,,,,,,,,,,,
,,Closure,,,,,51,Mesa County,12/1/2018,,,Courtyard Care Center Nursing Home/Family Health West,,,,,,,,,,,
,,Closure,,,,,67,Adams,3/6/2018,,,Covenant Care at Home,,,,,,,,,,,
,,Closure,,,,,79,Arapahoe/Douglas,2/12/2018,,,CPI Card Group,,,,,,,,,,,
,,Cease operations,,,,,65,Adams,10/22/2018,,,Crothall Healthcare/ Patient Transport Dept,,,,,,,,,,,
,,Other,,,,,41,Jefferson,2/12/2018,,,Davita Clinical Research,,,,,,,,,,,
,,Closure,,,,,41,Jefferson,6/1/2018,,,Davita Clinical Research,,,,,,,,,,,
,,Closure,,,,,55-59,Denver,5/31/2018,,,DCT Industrial,,,,,,,,,,,
,,Closure,,,,,39,Arapahoe/Douglas,7/27/2018,,,Dex YP,,,,,,,,,,,
,,Closure,,,,,160,Denver,6/29/2018,,,Dream Center Education Holdings Inc/The Art Institute,,,,,,,,,,,
,,Closure,,,,,160,Denver,7/20/2018,,,Dream Center Education Holdings LLC/Art Institute UPDATED to 12/31/18 closure date.,,,,,,,,,,,
,,Reduction in Force,,,,,149,Arapahoe Douglas,1/2/2018,,,First Data - Update 1/2/18,,,,,,,,,,,
,,Other-Loss of Contract,,,,,54,Boulder,1/22/2018,,,Fluor,,,,,,,,,,,
,,Ceasing Operations on a contract,,,,,75,Pikes Peak,8/1/2018,,,General Dynamics,,,,,,,,,,,
,,Ceasing operations on a contract,,,,,75,Colorado Springs,8/22/2018,,,General Dynamics Update 8-22-18 - Layoff date changed to 12/31/18,,,,,,,,,,,
,,Closure,,,,,370,Denver,2/8/2018,,,Jackson National Life Insurance Company,,,,,,,,,,,
,,Closure,,,,,156,Pikes Peak,8/13/2018,,,Jackson National Life Insurance Company,,,,,,,,,,,
,,Downsize,,,,,107,Pikes Peak,9/28/2018,,,Media News Group dba Digital First,,,,,,,,,,,
,,Downsize due to sale,,,,,7,Denver,1/26/2018,,,National Planning Holdings,,,,,,,,,,,
,,Other-Loss of Contract,,,,,38,Pikes Peak,1/15/2018,,,Northrop Grumman - Update 1/15/18,,,,,,,,,,,
,,Other - Loss of Contract,,,,,85,Pikes Peak,1/2/2018,,,Northrop Grumman - Updated 1/2/18,,,,,,,,,,,
,,Terminate Operations,,,,,69,Larimer,1/7/19 & 4/6/2020,,,Peak Reliability,,,,,,,,,,,
,,Closure,,,,,134,Denver,4/15/2019,,,Pura Vida Fitness & Spa,,,,,,,,,,,
,,Closure,,,,,65,Broomfield,2/6/2018,,,Sandoz Inc.,,,,,,,,,,,
,,Closure,,,,,24,Broomfield,1/7/19 & 4/6/2020,,,"Sandoz Inc., A Novartis Division (Update)",,,,,,,,,,,
,,Closure,,,,,116,Broomfield,2/11/2019,,,Sandoz/Novartis (2nd Wave of Layoffs),,,,,,,,,,,
,,Other - Loss of Contract,,,,,119,Arapahoe/Douglas,2/15/2018,,,Schneider National Carriers Inc.,,,,,,,,,,,
,,Other,,,,,63,Adams,1/18/2018,,,Scottrade - Ameritrade,,,,,,,,,,,
,,Downsize,,,,,10,Adams,5/3/2018,,,Scottrade - Ameritrade,,,,,,,,,,,
,,Divesting Product line/Sale to Acrotech Biopharma,,,,,3,Denver,2/13/2019,,,Spectrum Pharmaceuticals,,,,,,,,,,,
,,Downsize,,,,,272,Pueblo,3/8/2018,,,St. Mary Corwin Medical Center,,,,,,,,,,,
,,Downsize,,,,,261,Pikes Peak,1/31/2018,,,Startek,,,,,,,,,,,
,,Reduction in Force,,,,,186,Weld,8/17/2018,,,Startek Inc.,,,,,,,,,,,
,,Closure,,,,,96,Boulder,10/24/2018,,,The Cheesecake Factory,,,,,,,,,,,
,,Closure (Temporary 18-24 mo),,,,,18,Denver,1/2/2019,,,The Inn at Cherry Creek,,,,,,,,,,,
,,Closure of Unit,,,,,53,Pikes Peak,8/23/2018,,,Wells Fargo/Consumer Lending Group Home Equity Fullfillment Group,,,,,,,,,,,
,,Closure,,,,,61,Arapahoe/Douglas,3/25/2019,,,Westrock,,,,,,,,,,,
,,Downsize,,,,,203,Colorado Springs,1/9/2019,,,"WideOpenWest Networks LLC and WideOpenWest Illinois, LLC",,,,,,,,,,,
,,Selling assets,,,,,Unknown,Rural (Durango),7/31/2018,,,Williams Field Services Group LLC,,,,,,,,,,,
,,Loss of Contract,,,,,Unknown - Previous submission 117,Adams,7/27/2017,,,All Aboard Transit Services - Resubmission 07/27/2017,,,,,,,,,,,
,,Closure,,,,,288,Pikes Peak,10/30/2017,,,Alorica,,,,,,,,,,,
,,Loss of Contract/Downsize,,,,,52,Denver,12/4/2017,,,CA Concessions of Colorado,,,,,,,,,,,
,,Closure,,,,,60,Pikes Peak,1/3/2017,,,Cardon Outreach,,,,,,,,,,,
,,Downsize,,,,,244,Arapahoe Douglas,5/19/2017,,,Conduent Inc.,,,,,,,,,,,
,,Closure,,,,,37,Various,3/30/2017,,,Dollar Express,,,,,,,,,,,
,,Closure,,,,,338,Pueblo,2/22/2017,,,Express Scripts,,,,,,,,,,,
,,Reduction in Force,,,,,201,Arapahoe Douglas,10/13/2017,,,First Data,,,,,,,,,,,
,,Reduction in Force,,,,,149,Arapahoe Douglas,1/2/2018,,,First Data - Update 1/2/18,,,,,,,,,,,
,,Closure,,,,,81,Pikes Peak,1/4/2018,,,K-Mart Corporation Store #04332,,,,,,,,,,,
,,Reduction in Force,,,,,79,Pikes Peak,11/1/2017,,,Lockheed Martin,,,,,,,,,,,
,,Closure,,,,,98,Arapahoe Douglas,7/25/2017,,,Multi Packaging Solutions,,,,,,,,,,,
,,Reduction in Force,,,,,55,Boulder,11/6/2017,,,National Ecological Observatory Network dba Battelle Ecology,,,,,,,,,,,
,,Sale of business/Reduction in Force,,,,,13,Denver,12/14/2017,,,National Planning Holdings Inc.,,,,,,,,,,,
,,Sale of business/Reduction in Force,,,,,42,Denver,8/30/2017,,,National Planning Holdings Inc.,,,,,,,,,,,
,,Reduction in Force,,,,,50,Pikes Peak,11/2/2017,,,Northrop Grumman,,,,,,,,,,,
,,Other - Loss of Contract,,,,,85,Pikes Peak,1/2/2018,,,Northrop Grumman - Updated 1/2/18,,,,,,,,,,,
,,Closure,,,,,27,Boulder,1/5/2017,,,Pinnacle Foods,,,,,,,,,,,
,,Closure,,,,,62,Arapahoe Douglas,3/2/2017,,,Savers,,,,,,,,,,,
,,Company Reorganization/Downsize,,,,,84,Adams,12/6/2017,,,TD Ameritrade Holding Corporation,,,,,,,,,,,
,,Company Wide Reorganization,,,,,32,Adams,10/10/2017,,,TD Ameritrade Holding Corporation,,,,,,,,,,,
,,Downsize,,,,,119,Arapahoe Douglas,2/15/2017,,,UnitedHealth Group,,,,,,,,,,,
,,Loss of Contract/Closure,,,,,78,Tri-County,12/8/2017,,,UtiliQuest,,,,,,,,,,,
,,Restructuring,,,,,49,Arapahoe Douglas,6/27/2017,,,Verizon/XO Communications,,,,,,,,,,,
,,Corporate Restructuring,,,,,61,Pikes Peak,2/7/2017,,,Viavi Solutions Inc.,,,,,,,,,,,
,,Closure,,,,,68,Denver,1/17/2017,,,WalMart,,,,,,,,,,,
,,Closure,,,,,153,Jefferson,6/5/2017,,,Walmart Store #1208,,,,,,,,,,,
,,Closure,,,,,65,Jefferson,6/5/2017,,,Walmart Store #3020,,,,,,,,,,,
,,Closure,,,,,74,Boulder,5/23/2017,,,Walmart Store #3096,,,,,,,,,,,
,,Closure - Move to other Company locations,,,,,113,Arapahoe Douglas,6/20/2017,,,XTO Energy Western Div Office,,,,,,,,,,,
,,Closure,,,,,27,Adams,11/3/2017,,,Zenith Education Group,,,,,,,,,,,
,,Closure,,,,,26,Pikes Peak,11/3/2017,,,Zenith Education Group,,,,,,,,,,,
,,Closure,,,,,70,Arapahoe/Douglas,7/13/2017,,,Sports Authority - Lone Tree Store,,,,,,,,,,,
,,Closure,,,,,220,Denver,12/31/2016,,,SMA America Production LLC,,,,,,,,,,,
,,Closure,,,,,54,Jefferson,12/20/2016,,,Coleman,,,,,,,,,,,
,,Closure,,,,,52,Mesa,10/21/2016,,,MV Public Transportation,,,,,,,,,,,
,,Revision,,,,,N/A,Jefferson,10/11/2016,,,Climax Molybdenum Co - Henderson Mine & Mill - REV #5,,,,,,,,,,,
,,Downsize,,,,,187,Denver,9/16/2016,,,Swissport,,,,,,,,,,,
,,Revision,,,,,200,Jefferson,8/26/2016,,,Climax Molybdenum Co - Henderson Mine & Mill - REV #4,,,,,,,,,,,
,,Closure,,,,,144,Arapahoe/Douglas,8/26/2016,,,Sports Authority - Store Support Center,,,,,,,,,,,
,,Ceasing certain operations,,,,,60,Pikes Peak/Teller,8/18/2016,,,General Dynamics Information Technology,,,,,,,,,,,
,,Closure,,,,,60,Jefferson,8/10/2016,,,Lake Region Medical - Layoffs 8-10-16,,,,,,,,,,,
,,Downsize,,,,,59,Denver,8/4/2016,,,Integra,,,,,,,,,,,
,,Potential Downsize,,,,,210,Pikes Peak/Teller,7/28/2016,,,Honeywell Technology Solutions Inc - REV,,,,,,,,,,,
,,Closure,,,,,70,Adams,7/25/2016,,,Packaging Corporation of America,,,,,,,,,,,
,,Closure,,,,,80,Arapahoe/Douglas,7/20/2016,,,Excelsior,,,,,,,,,,,
,,Selling  Company,,,,,65,Denver,7/12/2016,,,Northwest Pipe Company,,,,,,,,,,,
,,Closure,,,,,141,Western,7/5/2016,,,CCA- Kit Carson Correctional Facility,,,,,,,,,,,
,,Other,,,,,85,Arapahoe/Douglas,6/27/2016,,,Xerox State Healthcare,,,,,,,,,,,
,,Closure,,,,,70,Arapahoe/Douglas,6/23/2016,,,Sports Authority,,,,,,,,,,,
,,Revision,,,,,N/A,Arapahoe/Douglas,6/15/2016,,,Sports Authority,,,,,,,,,,,
,,Revision,,,,,N/A,Jefferson,6/14/2016,,,Climax Molybdenum Co - Henderson Mine & Mill - REV#3,,,,,,,,,,,
,,Revision,,,,,N/A,Arapahoe/Douglas,6/10/2016,,,Sports Authority,,,,,,,,,,,
,,Potential Downsize,,,,,241,Pikes Peak/Teller,6/2/2016,,,Honeywell Technology Solutions Inc.,,,,,,,,,,,
,,Closure,,,,,54,Denver,5/31/2016,,,Sanjel,,,,,,,,,,,
,,Closure,,,,,101,Weld,5/31/2016,,,Sanjel,,,,,,,,,,,
,,Closing,,,,,461,Arapahoe/Douglas,5/25/2016,,,Sports Authority,,,,,,,,,,,
,,Sale of Company,,,,,34,Boulder,5/11/2016,,,Gaiam Inc.,,,,,,,,,,,
,,Downsize,,,,,104,Denver,5/3/2016,,,DAL Global Services,,,,,,,,,,,
,,Closure,,,,,107,Pikes Peak/Teller,4/25/2016,,,XIO Technologies,,,,,,,,,,,
,,Closure,,,,,19,Jefferson,4/11/2016,,,Lake Region Medical - Layoffs 4/21 and or 4/24/16,,,,,,,,,,,
,,Closure,,,,,26,Jefferson,4/11/2016,,,Lake Region Medical - Layoffs 5/19 and/or 5/22/16,,,,,,,,,,,
,,Closure,,,,,31,Jefferson,4/11/2016,,,Lake Region Medical - Layoffs 5/5 and/or 5/8/16,,,,,,,,,,,
,,Closure,,,,,28,Jefferson,4/11/2016,,,Lake Region Medical - Layoffs 6/2 and/or 6/5/16,,,,,,,,,,,
,,Closure,,,,,106,Arapahoe/Douglas,4/5/2016,,,Baxter Healthcare,,,,,,,,,,,
,,Downsize,,,,,328,Pikes Peak/Teller,3/31/2016,,,Xerox Business Services,,,,,,,,,,,
,,Potential Closure,,,,,7,Rural Resort,3/19/2016,,,Tubular Repair,,,,,,,,,,,
,,N/A,,,,,N/A,Rural Resort,3/18/2016,,,Sky Hotel 39 Degrees Recinds Layoffs from 2/5/16 WARN,,,,,,,,,,,
,,Closure,,,,,2,Arapahoe/Douglas,3/15/2016,,,MYCOM North America,,,,,,,,,,,
,,Closure,,,,,208,Rural Resort,3/10/2016,,,WPX Energy,,,,,,,,,,,
,,Downsize,,,,,70,Pikes Peak/Teller,2/29/2016,,,Jacobs Technology Inc - ETASS Group.,,,,,,,,,,,
,,Idle,,,,,102,Western,2/26/2016,,,Bowie Resources LLC - Bowie Mine #2,,,,,,,,,,,
,,Downsize,,,,,N/A,Jefferson,2/25/2016,,,Climax Molybdenum Co - Henderson Mine & Mill - REV#2,,,,,,,,,,,
,,Closure,,,,,72,Denver,2/23/2016,,,Sports Authority,,,,,,,,,,,
,,Job Attached,,,,,200,Rural Resort,2/17/2016,,,Vail Cascade,,,,,,,,,,,
,,Downsize,,,,,8,Pikes Peak/Teller,2/12/2016,,,Honeywell,,,,,,,,,,,
,,Downsize,,,,,89,Pikes Peak/Teller,2/10/2016,,,Startek,,,,,,,,,,,
,,Closure,,,,,62,Pikes Peak/Teller,2/5/2016,,,Leggett and Platt,,,,,,,,,,,
,,Closure,,,,,91,Rural Resort,2/5/2016,,,Sky Hotel 39 Degrees,,,,,,,,,,,
,,Closure,,,,,103,Denver,2/3/2016,,,All Web Leads Inc.,,,,,,,,,,,
,,Closure,,,,,28,Arapahoe/Douglas,1/31/2016,,,Jones International University,,,,,,,,,,,
,,Downsize,,,,,38,Broomfield,1/26/2016,,,VMWare,,,,,,,,,,,
,,Downsize,,,,,48,Pikes Peak/Teller,1/26/2016,,,VMWare,,,,,,,,,,,
,,Downsize,,,,,210,Jefferson,1/25/2016,,,Climax Molybdenum Co - Henderson Mine & Mill - REV#1,,,,,,,,,,,
,,Closure,,,,,158,Denver,1/25/2016,,,Republic Airways Holdings,,,,,,,,,,,
,,Downsize,,,,,247,Arapahoe/Douglas,1/22/2016,,,Sprint,,,,,,,,,,,
,,Closure,,,,,348,Boulder,1/18/2016,,,Concentrix,,,,,,,,,,,
,,Closure,,,,,65,Arapahoe/Douglas,1/15/2016,,,Walmart Store #3021,,,,,,,,,,,
,,Closure,,,,,78,Denver,1/15/2016,,,Walmart Store #5002,,,,,,,,,,,
,,Closure,,,,,98,Denver,1/4/2016,,,Safeway,,,,,,,,,,,
,,Job Attached,,,,,200,Jefferson,11/3/2015,,,Climax Molybdenum Co - Henderson Mine & Mill -,,,,,,,,,,,
,,Closure,,,,,38,Mesa County,6/4/2015,,,Albertsons #632,,,,,,,,,,,
,,Closure,,,,,78,Pikes Peak/Teller,3/24/2015,,,Albertsons #8584,,,,,,,,,,,
,,Downsize,,,,,1,Denver,4/27/2015,,,Ambassadors Group,,,,,,,,,,,
,,Downsize,,,,,17,Adams County,9/30/2015,,,Baker Hughes Inc.,,,,,,,,,,,
,,Downsize,,,,,124,Adams County,8/12/2015,,,Baker Hughes Inc.,,,,,,,,,,,
,,Downsize,,,,,2,Adams County,11/3/2015,,,"Baker Hughes, Inc.",,,,,,,,,,,
,,Downsize,,,,,250,Weld,5/15/2015,,,Bayou Well Services,,,,,,,,,,,
,,Downsize,,,,,78,Western,9/30/2015,,,Bowie Resources LLC,,,,,,,,,,,
,,Downsize,,,,,69,Denver,4/3/2015,,,Capstone Logistics,,,,,,,,,,,
,,Job Attached Layoff,,,,,200,Jefferson County,11/3/2015,,,Climax Molybdenum Company,,,,,,,,,,,
,,Closure,,,,,214,Pikes Peak/Teller,1/30/2015,,,Corinthian Colleges Inc./Everest College,,,,,,,,,,,
,,Closure,,,,,224,Denver,8/4/2015,,,Curian Capital,,,,,,,,,,,
,,Downsize,,,,,45,Pikes Peak/Teller,7/28/2015,,,Diamond Wire Material Technologies,,,,,,,,,,,
,,Downsize,,,,,137,Adams County,9/1/2015,,,ECMC Group,,,,,,,,,,,
,,Closure,,,,,60,Denver,9/15/2015,,,EOS CCA,,,,,,,,,,,
,,Closure,,,,,106,Denver,11/4/2015,,,Fidelity Exploration & Production Company,,,,,,,,,,,
,,Closure,,,,,150,Mesa,4/30/2015,,,First Student,,,,,,,,,,,
,,Closure,,,,,1152,Denver,1/16/2015,,,Frontier Airlines Inc.,,,,,,,,,,,
,,Downsize,,,,,59,Arapahoe/Douglas,6/25/2015,,,Intuit,,,,,,,,,,,
,,Downsize,,,,,251,Pueblo,1/2/2015,,,Iqor Inc.,,,,,,,,,,,
,,Downsize,,,,,70,Pikes Peak/Teller,2/29/2016,,,Jacobs Technology Inc - ETASS Group.,,,,,,,,,,,
,,Closure,,,,,28,Arapahoe/Douglas,1/31/2016,,,Jones International University,,,,,,,,,,,
,,Closure,,,,,103,Adams County,1/6/2015,,,K-Mart-Sears Distribution Center,,,,,,,,,,,
,,Downsize,,,,,364,Pikes Peak/Teller,7/30/2015,,,KIRA,,,,,,,,,,,
,,Closure,,,,,52,Denver,4/15/2015,,,Linn Energy,,,,,,,,,,,
,,Downsize,,,,,126,Pikes Peak/Teller,10/23/2015,,,Lockheed Martin,,,,,,,,,,,
,,Downsize,,,,,119,Pikes Peak/Teller,7/20/2015,,,Lockheed Martin,,,,,,,,,,,
,,Downsize,,,,,130,Pikes Peak/Teller,7/20/2015,,,Lockheed Martin,,,,,,,,,,,
,,Downsize,,,,,N/A,Pikes Peak/Teller,8/6/2015,,,Lockheed Martin-Rev to 7/20/15 WARN,,,,,,,,,,,
,,Closure,,,,,64,Glendale,3/25/2015,,,MMC,,,,,,,,,,,
,,Closure,,,,,1,Jefferson County,7/31/2015,,,Moneygram Payment Systems Inc. (MPSI),,,,,,,,,,,
,,Closure,,,,,1,Jefferson County,6/14/2015,,,Moneygram Payment Systems Inc. (MPSI),,,,,,,,,,,
,,Closure,,,,,1,Jefferson County,5/31/2015,,,Moneygram Payment Systems Inc. (MPSI),,,,,,,,,,,
,,Closure,,,,,1,Jefferson County,5/17/2015,,,Moneygram Payment Systems Inc. (MPSI),,,,,,,,,,,
,,Closure,,,,,8,Jefferson County,5/2/2015,,,Moneygram Payment Systems Inc. (MPSI),,,,,,,,,,,
,,Closure,,,,,1,Jefferson County,5/1/2015,,,Moneygram Payment Systems Inc. (MPSI),,,,,,,,,,,
,,Closure,,,,,1,Jefferson County,4/30/2015,,,Moneygram Payment Systems Inc. (MPSI),,,,,,,,,,,
,,Closure,,,,,1,Jefferson County,4/1/2015,,,Moneygram Payment Systems Inc. (MPSI),,,,,,,,,,,
,,Closure,,,,,4,Jefferson County,3/30/2015,,,Moneygram Payment Systems Inc. (MPSI),,,,,,,,,,,
,,Closure,,,,,7,Jefferson County,1/27/2015,,,Moneygram Payment Systems Inc. (MPSI),,,,,,,,,,,
,,Closure,,,,,4,Jefferson County,1/6/2015,,,Moneygram Payment Systems Inc. (MPSI),,,,,,,,,,,
,,Closure,,,,,91,Denver,5/28/2015,,,Newfield Exploration Company,,,,,,,,,,,
,,Closure,,,,,65,Denver,7/12/2016,,,Northwest Pipe Company,,,,,,,,,,,
,,Job Attached Layoff,,,,,82,Western,8/4/2015,,,Ouray Silver Mines,,,,,,,,,,,
,,Closure,,,,,75,Denver,5/4/2015,,,Pioneer Natural Resources,,,,,,,,,,,
,,Downsize,,,,,102,Southeast,5/4/2015,,,Pioneer Natural Resources - Trinidad,,,,,,,,,,,
,,Closure,,,,,151,Various Regions,8/27/2015,,,Quad/Graphics,,,,,,,,,,,
,,Downsize,,,,,158,Boulder,9/17/2015,,,Qualcomm,,,,,,,,,,,
,,Closure,,,,,98,Denver,1/4/2016,,,Safeway,,,,,,,,,,,
,,Closure,,,,,68,Denver,9/25/2015,,,Select Medical,,,,,,,,,,,
,,Downsize,,,,,69,Pikes Peak/Teller,1/21/2015,,,Serco-NA,,,,,,,,,,,
,,Closure,,,,,122,Pikes Peak/Teller,3/16/2015,,,Sinton Dairy Foods Company/ Borden,,,,,,,,,,,
,,Closure,,,,,N/A,Pikes Peak/Teller,7/20/2015,,,Sinton Dairy Foods Company/ Borden-Rev to 3/16/15,,,,,,,,,,,
,,Closure,,,,,N/A,Pikes Peak/Teller,7/1/2015,,,Sinton Dairy Foods Company/ Borden-Rev to 3/16/15,,,,,,,,,,,
,,Closure,,,,,N/A,Pikes Peak/Teller,5/15/2015,,,Sinton Dairy Foods Company/ Borden-Rev to 3/16/15,,,,,,,,,,,
,,Closure,,,,,N/A,Pikes Peak/Teller,5/11/2015,,,Sinton Dairy Foods Company/ Borden-Rev to 3/16/15,,,,,,,,,,,
,,Downsize,,,,,247,Arapahoe/Douglas,1/22/2016,,,Sprint,,,,,,,,,,,
,,Closure,,,,,59,Arapahoe/Douglas,2/10/2015,,,Staples,,,,,,,,,,,
,,Closure,,,,,241,Pikes Peak/Teller,11/13/2015,,,Target Corporation - TCC Cooking Company LLC,,,,,,,,,,,
,,Other,,,,,33,Denver,2/17/2015,,,Trulia,,,,,,,,,,,
,,Closure,,,,,300,Denver,11/16/2015,,,Union Pacific Company,,,,,,,,,,,
,,Closure,,,,,265,Jefferson County,7/6/2015,,,Urban Fulfillment,,,,,,,,,,,
,,Closure,,,,,10,Pikes Peak/Teller,7/17/2015,,,UTI,,,,,,,,,,,
,,Downsize,,,,,38,Broomfield,1/26/2016,,,VMWare,,,,,,,,,,,
,,Downsize,,,,,48,Pikes Peak/Teller,1/26/2016,,,VMWare,,,,,,,,,,,
,,Closure,,,,,65,Arapahoe/Douglas,1/15/2016,,,Walmart Store #3021,,,,,,,,,,,
,,Closure,,,,,78,Denver,1/15/2016,,,Walmart Store #5002,,,,,,,,,,,
,,Downsize,,,,,150,Pikes Peak/Teller,9/2/2015,,,Western Forge,,,,,,,,,,,
,,Closure,,,,,142,Denver,3/2/2015,,,WPX Energy,,,,,,,,,,,
,,Closure,,,,,2,Denver,11/30/2015,,,WPX Energy-Rev to 3/2/15,,,,,,,,,,,
,,Closure,,,,,91,Denver,7/9/2015,,,WPX Energy-Rev to 3/2/15,,,,,,,,,,,
,,Downsize,,,,,152,Adams County,4/29/2015,,,Zenith Education Group,,,,,,,,,,,
