date_notice,company,workforce_area,event_number,naics,action_type,affected,date_effective,reason,12/16/2020,"Neovia Logistics Services, LLC Southaven (DeSoto)",Delta,RR-MS- 2020-0013,333999 – All Other Miscellaneous General Purpose Machinery Manufacturing,Layoff,80,01/31/2021,WARN – Layoff - change in ownership. RR – provided by email due to COVID - 19,blank_entry,city,county,_int_raw_fields,_int_accuracy,_int_pdf_filename,_int_page,_int_table_number,_int_data_items
07/15/2020,Hollywood Casino Gulf Coast Bay St. Louis (Hancock),Twin District,RR-MS- 2020-0001,721120 – Casino Hotels,Layoff,15,09/15/2020,WARN – Due to COVID- 19 layoff will be permanent. RR – provided by email COVID-19,,,,,,,,,,,,,"['07/15/2020', 'Hollywood Casino \nGulf Coast \nBay St. Louis \n(Hancock)', 'Twin District', 'RR-MS-\n2020-0001', '721120 – Casino \nHotels', 'Layoff', '15', '09/15/2020', 'WARN – Due to COVID-\n19 layoff will be permanent. \nRR – provided by email \nCOVID-19']",100.0,warn-py2020-qtr-1-july-sep-2020.pdf,1,1,9
07/15/2020,Boomtown Casino Biloxi Biloxi (Harrison),Twin District,RR-MS- 2020-0002,713210 – Casinos (except – Casino Hotels),Layoff,23,09/15/2020,WARN – Due to COVID- 19 layoff will be permanent. RR – provided by email COVID-19,,,,,,,,,,,,,"['07/15/2020', 'Boomtown Casino \nBiloxi  \nBiloxi (Harrison)', 'Twin District', 'RR-MS-\n2020-0002', '713210 – Casinos \n(except – Casino \nHotels)', 'Layoff', '23', '09/15/2020', 'WARN – Due to COVID-\n19 layoff will be permanent. \nRR – provided by email \nCOVID-19']",100.0,warn-py2020-qtr-1-july-sep-2020.pdf,1,1,9
07/09/2020,Emerald Home New Albany (Union),MS Partnership,RR-MS- 2020-0003,423210 – Furniture Merchant Wholesalers,Closure,9,09/08/2020,NON-WARN – Due to Facility is closing RR – provided by email,,,,,,,,,,,,,"['07/09/2020', 'Emerald Home \nNew Albany (Union)', 'MS \nPartnership', 'RR-MS-\n2020-0003', '423210 – Furniture \nMerchant \nWholesalers', 'Closure', '9', '09/08/2020', 'NON-WARN – Due to \nFacility is closing \nRR – provided by email']",100.0,warn-py2020-qtr-1-july-sep-2020.pdf,1,1,9
07/30/2020,Hederman Brothers Printers Pearl (Rankin),Southcentral MS Works,R R-MS- 2020-0004,323111 – Commercial Printing (except screen and books),Layoff,10,07/30/2020,WARN- Required to temporarily shut down. RR- provided by email COVID- 19,,,,,,,,,,,,,"['07/30/2020', 'Hederman Brothers \nPrinters \nPearl (Rankin)', 'Southcentral \nMS Works', 'R\nR-MS-\n2020-0004', '323111 – \nCommercial Printing \n(except screen and \nbooks)', 'Layoff', '10', '07/30/2020', 'WARN- Required to \ntemporarily shut down. RR-\nprovided by email COVID-\n19']",100.0,warn-py2020-qtr-1-july-sep-2020.pdf,1,1,9
03/18/2020,"Thrive South, LLC Pearl (Rankin)",Southcentral MS Works,RR-MS- 2019-0127,713940 – Fitness and Recreational Sports Center,Layoff,1,03/18/2020,NON-WARN- Required to temporarily shut down. RR-provided by email COVID-19,,,,,,,,,,,,,"['03/18/2020', 'Thrive South, LLC \nPearl (Rankin)', 'Southcentral \nMS Works', 'RR-MS-\n2019-0127', '713940 – Fitness and \nRecreational Sports \nCenter', 'Layoff', '1', '03/18/2020', 'NON-WARN- Required to \ntemporarily shut down. \nRR-provided by email \nCOVID-19']",100.0,warn-py2020-qtr-1-july-sep-2020.pdf,1,1,9
07/13/2020,"Hollywood Casino, Tunica Robinsonville (Tunica)",Delta,RR-MS- 2019-0128,721120 – Casino Hotels,Layoff,153,06/11/2020,WARN – Due to COVID- 19 layoff will be permanent. RR – provided by email COVID-19,,,,,,,,,,,,,"['07/13/2020', 'Hollywood Casino, \nTunica \nRobinsonville (Tunica)', 'Delta', 'RR-MS-\n2019-0128', '721120 – Casino \nHotels', 'Layoff', '153', '06/11/2020', 'WARN – Due to COVID-\n19 layoff will be permanent. \nRR – provided by email \nCOVID-19']",100.0,warn-py2020-qtr-1-july-sep-2020.pdf,1,1,9
07/13/2020,"1st Jackpot Casino, Tunica Robinsonville (Tunica)",Delta,RR-MS- 2019-0129,713210 – Casino (except Casino Hotels),Layoff,67,06/11/2020,WARN – Due to COVID- 19 layoff will be permanent. RR – provided by email COVID-19,,,,,,,,,,,,,"['07/13/2020', '1st Jackpot Casino, \nTunica Robinsonville \n(Tunica)', 'Delta', 'RR-MS-\n2019-0129', '713210 – Casino \n(except Casino \nHotels)', 'Layoff', '67', '06/11/2020', 'WARN – Due to COVID-\n19 layoff will be permanent. \nRR – provided by email \nCOVID-19']",100.0,warn-py2020-qtr-1-july-sep-2020.pdf,2,1,9
07/24/2020,American Queen Steam Boat Company- Natchez New Albany (Indiana),Southcentral MS Works,RR-MS- 2020-00IN,561510- Travel Agencies,Layoff,17,09/24/2020,WARN – Due to COVID- 19 layoff will be permanent. RR – provided by email COVID-19,,,,,,,,,,,,,"['07/24/2020', 'American Queen \nSteam Boat Company-\nNatchez New Albany \n(Indiana)', 'Southcentral \nMS Works', 'RR-MS-\n2020-00IN', '561510-  Travel \nAgencies', 'Layoff', '17', '09/24/2020', 'WARN – Due to COVID-\n19 layoff will be permanent. \nRR – provided by email \nCOVID-19']",100.0,warn-py2020-qtr-1-july-sep-2020.pdf,2,1,9
08/24/2020,Stein Mart Madison (Madison),Southcentral MS Works,RR-MS- 2020-0005,452210 – Department Stores,Closure,16,10/5/2020,NON-WARN – Due to retail store is closing RR – provided by email,,,,,,,,,,,,,"['08/24/2020', 'Stein Mart  Madison \n(Madison)', 'Southcentral \nMS Works', 'RR-MS-\n2020-0005', '452210 – Department \nStores', 'Closure', '16', '10/5/2020', 'NON-WARN – Due to \nretail store is closing \nRR – provided by email']",100.0,warn-py2020-qtr-1-july-sep-2020.pdf,2,1,9
08/06/2020,"The MS. Department of Corrections – MHM Health Professionals, LLC Jackson (Hinds)",Southcentral MS Works,RR-MS- 2020-0006,922140 – Correctional Institution,Layoff,373,10/05/202,WARN – Contract for a new vendor -Healthcare RR – provided by email COVID-19,,,,,,,,,,,,,"['08/06/2020', 'The MS. Department \nof Corrections – MHM \nHealth Professionals, \nLLC \nJackson (Hinds)', 'Southcentral \nMS Works', 'RR-MS-\n2020-0006', '922140 – \nCorrectional \nInstitution', 'Layoff', '373', '10/05/202', 'WARN – Contract for a \nnew vendor -Healthcare \nRR – provided by email \nCOVID-19']",100.0,warn-py2020-qtr-1-july-sep-2020.pdf,2,1,9
09/14/2020,The Services System Robinson (Tunica),Delta,RR-MS- 2020-0007,561720 – Janitorial Services,Closure,139,11/14/20,WARN – Due to COVID- 19 Closure will be permanent. RR – provided by email COVID-19,,,,,,,,,,,,,"['09/14/2020', 'The Services System \nRobinson (Tunica)', 'Delta', 'RR-MS-\n2020-0007', '561720 – Janitorial \nServices', 'Closure', '139', '11/14/20', 'WARN – Due to COVID-\n19 Closure will be \npermanent. \nRR – provided by email \nCOVID-19']",100.0,warn-py2020-qtr-1-july-sep-2020.pdf,2,1,9
09/18/2020,P.F. Chang’s China Bistro Ridgeland (Madison),Southcentral MS Works,RR-MS- 2020-0008,722511 – Full-Service Restaurants,Layoff,75,03/29/2020,WARN – Due to COVID- 19 Closure will be temporary. RR – provided by email COVID-19,,,,,,,,,,,,,"['09/18/2020', 'P.F. Chang’s China \nBistro \nRidgeland (Madison)', 'Southcentral \nMS Works', 'RR-MS-\n2020-0008', '722511 – Full-Service \nRestaurants', 'Layoff', '75', '03/29/2020', 'WARN – Due to COVID-\n19 Closure will be \ntemporary. RR – provided \nby email \nCOVID-19']",100.0,warn-py2020-qtr-1-july-sep-2020.pdf,2,1,9
08/28/2020,Avis Budget Group Pearl (Rankin),Southcentral MS Works,RR-MS- 2020-0009,532111 – Passenger Car Rental,Layoff,3,06/01/2020,WARN – Due to COVID- 19 layoff will be permanent. RR – provided by email COVID-19,,,,,,,,,,,,,"['08/28/2020', 'Avis Budget Group \nPearl (Rankin)', 'Southcentral \nMS Works', 'RR-MS-\n2020-0009', '532111 – Passenger \nCar Rental', 'Layoff', '3', '06/01/2020', 'WARN – Due to COVID-\n19 layoff will be permanent. \nRR – provided by email \nCOVID-19']",100.0,warn-py2020-qtr-1-july-sep-2020.pdf,3,1,9
08/7/2020,Cooper Lighting Solutions Vicksburg (Warren),Southcentral MS Works,RR-MS- 2020-0010,332322 – Sheet Metal Work Manufacturing,Closure,300,10/15/2020,WARN – Due to COVID- 19 layoff will be permanent. RR – provided by email COVID-19,,,,,,,,,,,,,"['08/7/2020', 'Cooper Lighting \nSolutions  Vicksburg \n(Warren)', 'Southcentral \nMS Works', 'RR-MS-\n2020-0010', '332322 – Sheet Metal \nWork Manufacturing', 'Closure', '300', '10/15/2020', 'WARN – Due to COVID-\n19 layoff will be permanent. \nRR – provided by email \nCOVID-19']",100.0,warn-py2020-qtr-1-july-sep-2020.pdf,3,1,9
08/13/2020,Ulmer/Stride Rite Shoes Jackson (Hinds),Southcentral MS Works,RR-MS- 2020-0011,448210 – Shoe Stores,Closure,3,08/31/2020,NON-WARN – Due to shoe store is closing RR – provided by email,,,,,,,,,,,,,"['08/13/2020', 'Ulmer/Stride Rite \nShoes Jackson (Hinds)', 'Southcentral \nMS Works', 'RR-MS-\n2020-0011', '448210 – Shoe Stores', 'Closure', '3', '08/31/2020', 'NON-WARN – Due to \nshoe store is closing \nRR – provided by email']",100.0,warn-py2020-qtr-1-july-sep-2020.pdf,3,1,9
10/31/2020,Dynamic Aviation OSRG Base Kiln (Hancock),Twin District,RR-MS- 2020-0012,488190 – Other Support Activities for Air Transportation,Closure,3,12/31/2020,WARN - Closure will be permanent. RR – provided by email due to COVID-19,,,,,,,,,,,,,"['10/31/2020', 'Dynamic Aviation \nOSRG Base \nKiln (Hancock)', 'Twin \nDistrict', 'RR-MS-\n2020-0012', '488190 – Other \nSupport Activities \nfor Air \nTransportation', 'Closure', '3', '12/31/2020', 'WARN - Closure will be \npermanent. \nRR – provided by email due \nto COVID-19']",100.0,warn-py2020-qtr-2-oct-dec-2020.pdf,1,1,9
,,,,,,,,,12/18/2020,"Anderson Technologies South, LLC Batesville (Panola)",Delta,RR-MS- 2020-0014,325211 – Plastics Material and Resin Manufacturing,Layoff,20,12/18/2020,WARN – Layoff – COVID has caused a reduction in sales RR- provided by email due to COVID-19,,,,"['12/18/2020', 'Anderson \nTechnologies South, \nLLC \nBatesville (Panola)', 'Delta', 'RR-MS-\n2020-0014', '325211 – Plastics \nMaterial and Resin \nManufacturing', 'Layoff', '20', '12/18/2020', 'WARN – Layoff – \nCOVID has caused a \nreduction in sales \nRR- provided by email due \nto COVID-19']",100.0,warn-py2020-qtr-2-oct-dec-2020.pdf,1,2,9
01/08/2021,"Peco Foods, Inc. Canton (Noxubee)",MS Partnership,RR-MS 2020-0015,311615 – Poultry Processing,Closure,235,04/02/2021,WARN- Permanent closure due to scaling back and streamlining operations,,,,,,,,,,,,,"['01/08/2021', 'Peco Foods, Inc.  \nCanton (Noxubee)', 'MS \nPartnership', 'RR-MS \n2020-0015', '311615 – Poultry \nProcessing', 'Closure', '235', '04/02/2021', 'WARN- Permanent \nclosure due to scaling \nback and streamlining \noperations']",100.0,warn-py2020-qtr-3-jan-mar-2021.pdf,1,1,9
01/08/2021,"Peco Foods, Inc. Canton (Madison)",Southcentral MS Works,R R-MS- 2020-0016,424440 – Poultry and Poultry Merchant Wholesalers,Closure,434,03/26/2021,WARN- Permanent closure due to scaling back and streamlining operations,,,,,,,,,,,,,"['01/08/2021', 'Peco Foods, Inc.  \nCanton (Madison)', 'Southcentral \nMS Works', 'R\nR-MS-\n2020-0016', '424440 – Poultry \nand Poultry \nMerchant \nWholesalers', 'Closure', '434', '03/26/2021', 'WARN- Permanent \nclosure due to scaling \nback and streamlining \noperations']",100.0,warn-py2020-qtr-3-jan-mar-2021.pdf,1,1,9
01/12/2021,Scotch Plywood Company Waynesboro (Wayne),Twin Districts,R R-MS- 2020-0017,321211 – Hardwood Veneer and Plywood Manufacturing,Layoff,74,01/13/2021,WARN – Layoff due to facility being burned down,,,,,,,,,,,,,"['01/12/2021', 'Scotch Plywood \nCompany \nWaynesboro \n(Wayne)', 'Twin \nDistricts', 'R\nR-MS-\n2020-0017', '321211 – \nHardwood Veneer \nand Plywood \nManufacturing', 'Layoff', '74', '01/13/2021', 'WARN – Layoff due to \nfacility being burned \ndown']",100.0,warn-py2020-qtr-3-jan-mar-2021.pdf,1,1,9
01/19/2021,"Genlyte Thomas Group ,LLC/Signify Tupelo (Lee)",MS Partnership,R R-MS- 2020-0018,335110 - Electric Lamp Bulb and Part Manufacturing,Closure,105,04/07/2021,WARN- Permanent closure due to scaling back and streamlining operations,,,,,,,,,,,,,"['01/19/2021', 'Genlyte Thomas \nGroup ,LLC/Signify \nTupelo (Lee)', 'MS \nPartnership', 'R\nR-MS-\n2020-0018', '335110 -  Electric \nLamp Bulb and \nPart Manufacturing', 'Closure', '105', '04/07/2021', 'WARN- Permanent \nclosure due to scaling \nback and streamlining \noperations']",100.0,warn-py2020-qtr-3-jan-mar-2021.pdf,1,1,9
02/02/2021,"Purple Banana – McKenzie PB, LLC Bay St. Louis (Hancock)",Twin Districts,R R-MS- 2020-0019,311520 – Ice Cream and Frozen Dessert Manufacturing,Closure,8,01/31/2021,NON-WARN – Permanent closure due to reduction of sales and lack of work,,,,,,,,,,,,,"['02/02/2021', 'Purple Banana –\nMcKenzie PB, LLC \nBay St. Louis \n(Hancock)', 'Twin \nDistricts', 'R\nR-MS- \n2020-0019', '311520 – Ice \nCream and Frozen \nDessert \nManufacturing', 'Closure', '8', '01/31/2021', 'NON-WARN –\nPermanent closure due to \nreduction of sales and \nlack of work']",100.0,warn-py2020-qtr-3-jan-mar-2021.pdf,1,1,9
03/09/2021,"Kline Mechanical System, Inc. Fulton (Itawamba)",MS Partnership,R R-MS- 2020-0020,"238220 – Plumbing, Heating and Air Conditioning Contractors",Layoff,42,02/15/2021,NON-WARN – Temporary closure for one week due to ice storm,,,,,,,,,,,,,"['03/09/2021', 'Kline Mechanical \nSystem, Inc. \nFulton (Itawamba)', 'MS \nPartnership', 'R\nR-MS-\n2020-0020', '238220 – \nPlumbing, Heating \nand Air \nConditioning \nContractors', 'Layoff', '42', '02/15/2021', 'NON-WARN – \nTemporary closure for \none week due to ice \nstorm']",100.0,warn-py2020-qtr-3-jan-mar-2021.pdf,1,1,9
03/01/2021,AbilityWorks Oxford (Lafayette),MS Partnership,RR-MS- 2020-0021,624310 – Vocational Rehabilitation Services,Layoff,8,02/13/2021,NON-WARN – Temporary closure for one week due to ice storm,,,,,,,,,,,,,"['03/01/2021', 'AbilityWorks \nOxford (Lafayette)', 'MS \nPartnership', 'RR-MS-\n2020-0021', '624310 – \nVocational \nRehabilitation \nServices', 'Layoff', '8', '02/13/2021', 'NON-WARN – \nTemporary closure for \none week due to ice \nstorm']",100.0,warn-py2020-qtr-3-jan-mar-2021.pdf,2,1,9
03/02/2021,"Marelli Cabin Comfort USA, Inc. Madison (Madison)",Southcentral MS Works,RR-MS- 2020-0022,423120 – Motor Vehicle Supplies and New Parts Merchant Wholesaler,Closure,68,04/13/2021,WARN – Permanently closing its facility – due to COVID-19,,,,,,,,,,,,,"['03/02/2021', 'Marelli Cabin \nComfort USA, Inc. \nMadison (Madison)', 'Southcentral \nMS Works', 'RR-MS-\n2020-0022', '423120 – Motor \nVehicle Supplies \nand New Parts \nMerchant \nWholesaler', 'Closure', '68', '04/13/2021', 'WARN – Permanently \nclosing its facility – due \nto COVID-19']",100.0,warn-py2020-qtr-3-jan-mar-2021.pdf,2,1,9
03/11/2021,Saks Fifth Avenue,Southcentral MS Works,RR-MS- 2020-0023,452210- Undefined,Layoff,114,05/17/2021,WARN- Separations are due to Facility Reduction and are expected to be permanent.,,,,,,,,,,,,,"['03/11/2021', 'Saks Fifth Avenue', 'Southcentral \nMS Works', 'RR-MS-\n2020-0023', '452210- Undefined', 'Layoff', '114', '05/17/2021', 'WARN- Separations are \ndue to Facility Reduction \nand are expected to be \npermanent.']",100.0,warn-py2020-qtr-3-jan-mar-2021.pdf,2,1,9
04/23/2021,"Montgomery Enterprises, Inc./Cash Title Exchange Tupelo (Lee)",MS Partnership,RR-MS- 2020-0024,522390 – Other Activities Related to Credit Intermediations,Layoff,6,04/22/2021,NON-WARN- COVID-19 created circumstances that were beyond our control,,,,,,,,,,,,,"['04/23/2021', 'Montgomery \nEnterprises, Inc./Cash \nTitle Exchange \nTupelo (Lee)', 'MS \nPartnership', 'RR-MS-\n2020-0024', '522390 – Other \nActivities Related \nto Credit \nIntermediations', 'Layoff', '6', '04/22/2021', 'NON-WARN- \nCOVID-19 created \ncircumstances that were \nbeyond our control']",99.99,warn-py2020-qtr-4-apr-june-2021.pdf,1,1,9
04/23/2021,Mississippi Lending Services Tupelo (Lee),MS Partnership,RR-MS- 2020-0025,522291 – Consumer Lending,Layoff,6,04/22/2021,NON-WARN- COVID-19 created circumstances that were beyond our control,,,,,,,,,,,,,"['04/23/2021', 'Mississippi Lending \nServices \nTupelo (Lee)', 'MS \nPartnership', 'RR-MS-\n2020-0025', '522291 – Consumer \nLending', 'Layoff', '6', '04/22/2021', 'NON-WARN- \nCOVID-19 created \ncircumstances that were \nbeyond our control']",99.99,warn-py2020-qtr-4-apr-june-2021.pdf,1,1,9
04/23/2021,"United Financial, Inc. Tupelo (Lee)",MS Partnership,RR-MS- 2020-0026,523930- Financial Planner and Investment Advisers,Layoff,6,04/22/2021,NON-WARN- COVID-19 created circumstances that were beyond our control,,,,,,,,,,,,,"['04/23/2021', 'United Financial, Inc. \nTupelo (Lee)', 'MS \nPartnership', 'RR-MS-\n2020-0026', '523930- Financial \nPlanner and \nInvestment \nAdvisers', 'Layoff', '6', '04/22/2021', 'NON-WARN- \nCOVID-19 created \ncircumstances that were \nbeyond our control']",99.99,warn-py2020-qtr-4-apr-june-2021.pdf,1,1,9
03/29/2021,"Ryder – McCormick and Company, Inc. Byhalia (Marshall)",MS Partnership,RR-MS- 2020-0027,311942 – Spice and Extract Manufacturing,Closure,60,06/01/2021,WARN- Due to a reduction in sales and customers’ changing business needs.,,,,,,,,,,,,,"['03/29/2021', 'Ryder – McCormick \nand Company, Inc. \nByhalia (Marshall)', 'MS \nPartnership', 'RR-MS-\n2020-0027', '311942 – Spice and \nExtract \nManufacturing', 'Closure', '60', '06/01/2021', 'WARN- Due to a \nreduction in sales and \ncustomers’ changing \nbusiness needs.']",99.99,warn-py2020-qtr-4-apr-june-2021.pdf,1,1,9
05/05/2021,Vantec Hitachi Transport System Canton (Madison),Southcentral MS Works,RR-MS- 2020-0028,493190 – Other Warehousing and Storage,Closure,337,06/30/2021,WARN- Due to a reduction in business needs,,,,,,,,,,,,,"['05/05/2021', 'Vantec Hitachi \nTransport System \nCanton (Madison)', 'Southcentral \nMS Works', 'RR-MS-\n2020-0028', '493190 – Other \nWarehousing and \nStorage', 'Closure', '337', '06/30/2021', 'WARN-  Due to a \nreduction in business needs']",99.99,warn-py2020-qtr-4-apr-june-2021.pdf,1,1,9
09/21/2021,"Anthem, Inc./ Beacon Health Options Hernando (Desoto)",Delta,RR-MS- 2021-0001,524114 – Direct Health and Medical Insurance Carriers,Layoff,4,12/31/2021,WARN – Due to loss of contract. RR – provided by email COVID-19,,,,,,,,,,,,,"['09/21/2021', 'Anthem, Inc./ \nBeacon Health \nOptions \nHernando (Desoto)', 'Delta', 'RR-MS- \n2021-0001', '524114 – Direct \nHealth and Medical \nInsurance Carriers', 'Layoff', '4', '12/31/2021', 'WARN – Due to loss of \ncontract. \nRR – provided by email \nCOVID-19']",100.0,warn-py2021-qtr-1-jul-sep-2021.pdf,1,1,9
11/23/2021,"Culpepper & Associates Security Services, Inc. Biloxi (Harrison)",Twin District,RR-MS- 2021-002,561612 – Security Guards and Patrol Services,Layoff,16,11/23/2021,,,,,,,,,,,NON-WARN - Due to a reduction in workforce by a contract,,,"['11/23/2021', 'Culpepper & \nAssociates Security \nServices, Inc. \nBiloxi (Harrison)', 'Twin \nDistrict', 'RR-MS-\n2021-002', '561612 – Security \nGuards and Patrol \nServices', 'Layoff', '16', '11/23/2021', 'NON-WARN - Due to \na reduction in \nworkforce by a contract', '']",100.0,warn-py2021-qtr-2-oct-dec-2021.pdf,1,1,9
12/10/2021,"MAP of Easton, Inc. Clarksdale (Coahoma)",Delta,RR-MS- 2021-003,327993 – Mineral Wool Manufacturing,Closure,50,12/31/2021,,,,,,,,,,,WARN -Due to economic circumstances – Permanently Closed,,,"['12/10/2021', 'MAP of Easton, Inc. \nClarksdale \n(Coahoma)', 'Delta', 'RR-MS-\n2021-003', '327993 – Mineral \nWool Manufacturing', 'Closure', '50', '12/31/2021', 'WARN -Due to \neconomic circumstances \n– Permanently Closed', '']",100.0,warn-py2021-qtr-2-oct-dec-2021.pdf,1,1,9
01/06/2022,"Five Below, Inc. Olive Branch (DeSoto)",MS. Partnership,RR-MS 2021- 0004,452139 – All other General Merchandise Stores,Closure,69,,WARN- Permanently closing due to reduction in force,,,,,,,,,,,,,"['01/06/2022', 'Five Below, Inc. \nOlive Branch \n(DeSoto)', 'MS. \nPartnership', 'RR-MS \n2021-\n0004', '452139 – All other \nGeneral Merchandise \nStores', 'Closure', '69', '', 'WARN- \nPermanently closing \ndue to reduction in \nforce']",100.0,warn-py2021-qtr-3-jan-mar-2022.pdf,1,1,8
01/14/2022,NFI – National Freight Incorporated Meridian (Lauderdale),Twin District,RR-MS- 2021- 0005,484110- General Freight Trucking,Closure,91,03/17/22,WARN – Permanently closing due to lack of services under its contact,,,,,,,,,,,,,"['01/14/2022', 'NFI – National \nFreight \nIncorporated \nMeridian \n(Lauderdale)', 'Twin \nDistrict', 'RR-MS-\n2021-\n0005', '484110- General \nFreight Trucking', 'Closure', '91', '03/17/22', 'WARN – \nPermanently closing \ndue to  lack of  \nservices under its \ncontact']",100.0,warn-py2021-qtr-3-jan-mar-2022.pdf,1,1,9
01/10/2022,"Express Grain Terminals, LLC. Greenwood (Leflore)",Delta,RR-MS- 2021- 0006,424510 – Gain and Field Bean Merchant Wholesalers,Closure,128,01/28/2022,WARN – Due to the company has made the decision to discontinue production,,,,,,,,,,,,,"['01/10/2022', 'Express Grain \nTerminals, LLC. \nGreenwood \n(Leflore)', 'Delta', 'RR-MS-\n2021-\n0006', '424510 – Gain and \nField Bean Merchant \nWholesalers', 'Closure', '128', '01/28/2022', 'WARN – Due to the \ncompany has made \nthe decision to \ndiscontinue \nproduction']",100.0,warn-py2021-qtr-3-jan-mar-2022.pdf,1,1,9
06/01/2022,Sears Waynesboro (Wayne),Twin District,RR-MS 2021- 0007,,Closure,4,,Non-WARN- Permanently closing due to economy.,,,,,,,,,,,,,"['06/01/2022', 'Sears \nWaynesboro (Wayne)', 'Twin \nDistrict', 'RR-MS 2021-\n0007', 'Closure', '4', 'Non-WARN- Permanently closing \ndue to economy.']",100.0,warn-py2021-qtr-4-apr-june-2022.pdf,1,1,7
06/13/2022,"FXI, Inc. Coldwater (Tate)",MS Partnership,RR-MS-2021- 0008,,Layoff,100,,WARN – Due to the downturn in the economy.,,,,,,,,,,,,,"['06/13/2022', 'FXI, Inc. \nColdwater (Tate)', 'MS \nPartnership', 'RR-MS-2021-\n0008', 'Layoff', '100', 'WARN –  Due to the downturn in the \neconomy.']",100.0,warn-py2021-qtr-4-apr-june-2022.pdf,1,1,7
6/20/2022,Southern Motion Pontotoc (Pontotoc),MS Partnership,RR-MS-2021- 0009,,Layoff,86,,Non-WARN – Due to the downturn in the economy,,,,,,,,,,,,,"['6/20/2022', 'Southern Motion \nPontotoc (Pontotoc)', 'MS \nPartnership', 'RR-MS-2021-\n0009', 'Layoff', '86', 'Non-WARN – Due to the downturn \nin the economy']",100.0,warn-py2021-qtr-4-apr-june-2022.pdf,1,1,7
06/20/2022,Fusion Ecru (Pontotoc),MS Partnership,RR-MS-2021- 0010,,Layoff,55,,Non-WARN- Due to the downturn in the economy,,,,,,,,,,,,,"['06/20/2022', 'Fusion \nEcru (Pontotoc)', 'MS \nPartnership', 'RR-MS-2021-\n0010', 'Layoff', '55', 'Non-WARN- Due to the downturn in \nthe economy']",100.0,warn-py2021-qtr-4-apr-june-2022.pdf,1,1,7
5/23/2022,Armstrong Flooring Jackson (Hinds),Southcentral MS Works,RR-MS- 2021- 0011,326199 – All other Plastics Product Manufacturing,Closure,109,7/27/2022,WARN – Permanently closing due to economy.,,,,,,,,,,,,,"['5/23/2022', 'Armstrong \nFlooring \nJackson (Hinds)', 'Southcentral \nMS Works', 'RR-MS-\n2021-\n0011', '326199 – All other \nPlastics Product \nManufacturing', 'Closure', '109', '7/27/2022', 'WARN – Permanently \nclosing due to economy.']",100.0,warn-py2022-quarter-1-july-sept-2022.pdf,1,1,9
06/30/2022,United Furniture Industries Amory (Monroe),MS Partnership,RR-MS- 2021- 0012,44211 – Furniture Stores,Layoff,171,07/27/2022,WARN – Due to downturn in the economy.,,,,,,,,,,,,,"['06/30/2022', 'United Furniture \nIndustries \nAmory (Monroe)', 'MS \nPartnership', 'RR-MS-\n2021-\n0012', '44211 – Furniture \nStores', 'Layoff', '171', '07/27/2022', 'WARN – Due to \ndownturn in the \neconomy.']",100.0,warn-py2022-quarter-1-july-sept-2022.pdf,1,1,9
7/1/2022,McKesson Corporation – South Jackson Richland (Rankin),Southcentral MS Works,RR-MS 2022- 0001,"423450 – Medical, Dental, and Hospital Equipment and Supplies Merchant",Closure,26,07/29/2022,WARN- Permanently closing due to economy.,,,,,,,,,,,,,"['7/1/2022', 'McKesson \nCorporation – \nSouth Jackson \nRichland (Rankin)', 'Southcentral \nMS Works', 'RR-MS \n2022-\n0001', '423450 – Medical, \nDental, and \nHospital \nEquipment and \nSupplies Merchant', 'Closure', '26', '07/29/2022', 'WARN- Permanently \nclosing due to economy.']",100.0,warn-py2022-quarter-1-july-sept-2022.pdf,1,1,9
07/01/2022,McKesson Corporation – Jackson Ridgeland (Madison),Southcentral MS Works,RR-MS- 2022- 0002,424210 – Drugs and Druggist’s Sundries Merchant Wholesalers,Layoff,31,No RR event - all employees have left this location,WARN – Due to the downturn in the economy.,,,,,,,,,,,,,"['07/01/2022', 'McKesson \nCorporation – \nJackson \nRidgeland \n(Madison)', 'Southcentral \nMS Works', 'RR-MS-\n2022-\n0002', '424210 – Drugs \nand Druggist’s \nSundries Merchant \nWholesalers', 'Layoff', '31', 'No RR \nevent - all \nemployees \nhave left this \nlocation', 'WARN –  Due to the \ndownturn in the \neconomy.']",100.0,warn-py2022-quarter-1-july-sept-2022.pdf,1,1,9
7/1/2022,La-Z-Boy South Newton (Newton),Twin District,RR-MS- 2022- 0003,337125 – Household Furniture (except wood and Metal) Manufacturing,Closure,178,08/24/2022,WARN –Permanently closing. Due to the downturn in the economy,,,,,,,,,,,,,"['7/1/2022', 'La-Z-Boy South \nNewton (Newton)', 'Twin District', 'RR-MS-\n2022-\n0003', '337125 – \nHousehold \nFurniture (except \nwood and Metal) \nManufacturing', 'Closure', '178', '08/24/2022', 'WARN –Permanently \nclosing. Due to the \ndownturn in the economy']",100.0,warn-py2022-quarter-1-july-sept-2022.pdf,1,1,9
7/25/2022,Jefferson County Hospital Fayette (Jefferson),Southcentral MS Works,RR-MS- 2022- 0004,622100- General Medical and Surgical Hospitals,Layoff,8,08/01/2022,Non-WARN – Due to the economy.,,,,,,,,,,,,,"['7/25/2022', 'Jefferson County \nHospital \nFayette (Jefferson)', 'Southcentral \nMS Works', 'RR-MS-\n2022-\n0004', '622100- General \nMedical and \nSurgical Hospitals', 'Layoff', '8', '08/01/2022', 'Non-WARN – Due to the \neconomy.']",100.0,warn-py2022-quarter-1-july-sept-2022.pdf,1,1,9
04/2022,"New Dairy Alabama, LLC Hattiesburg (Forrest)",Twin District,RR-MS- 2022- 0005,311511- Fluid Milk Manufacturing,Closure,236,10/02/2022,WARN- Permanently closing. Due to the downturn in the economy.,,,,,,,,,,,,,"['04/2022', 'New Dairy \nAlabama, LLC \nHattiesburg \n(Forrest)', 'Twin District', 'RR-MS-\n2022-\n0005', '311511- Fluid \nMilk \nManufacturing', 'Closure', '236', '10/02/2022', 'WARN- Permanently \nclosing. Due to the \ndownturn in the \neconomy.']",100.0,warn-py2022-quarter-1-july-sept-2022.pdf,2,1,9
08/16/2022,Tyson Foods Vicksburg (Warren),Southcentral MS Works,RR-MS- 2022- 0006,424470 – Meat and Meat Product Merchant Wholesales,Layoff,60,Management Canceled,Non-WARN – Temporarily laying off personnel to rebuild line.,,,,,,,,,,,,,"['08/16/2022', 'Tyson Foods \nVicksburg \n(Warren)', 'Southcentral \nMS Works', 'RR-MS-\n2022-\n0006', '424470 – Meat \nand Meat Product \nMerchant \nWholesales', 'Layoff', '60', 'Management \nCanceled', 'Non-WARN – \nTemporarily laying off \npersonnel to rebuild line.']",100.0,warn-py2022-quarter-1-july-sept-2022.pdf,2,1,9
08/08/2022,NewCo3 Batesville (Panola),Delta,RR-MS- 2022- 0007,326199 –All Other Plastics Products Manufacturing,Closure,19,Declined RR event,"Non-WARN - Due to loss the of business, eliminating product line, and moving a percentage of their business to Asia,",,,,,,,,,,,,,"['08/08/2022', 'NewCo3 \nBatesville (Panola)', 'Delta', 'RR-MS-\n2022-\n0007', '326199 –All Other \nPlastics Products \nManufacturing', 'Closure', '19', 'Declined RR \nevent', 'Non-WARN - Due to \nloss the of business, \neliminating product line, \nand moving a percentage \nof their business to Asia,']",100.0,warn-py2022-quarter-1-july-sept-2022.pdf,2,1,9
08/17/2022,Emilia DeKalb (Kemper),Twin District,RR-MS- 2022- 0008,325514- Pharmaceutical Preparations Manufacturing,Closure,90,08/25/2022,Non-WARN- Due to the downturn in the economy.,,,,,,,,,,,,,"['08/17/2022', 'Emilia \nDeKalb (Kemper)', 'Twin District', 'RR-MS-\n2022-\n0008', '325514- \nPharmaceutical \nPreparations \nManufacturing', 'Closure', '90', '08/25/2022', 'Non-WARN- Due to the \ndownturn in the \neconomy.']",100.0,warn-py2022-quarter-1-july-sept-2022.pdf,2,1,9
08/09/2022,Hood Industries Beaumont (Perry),Twin District,RR-MS- 2022- 0009,324122 – Asphalt Shingle and Coating Materials Manufacturing,Closure,223,08/26/2022,WARN- Damage due to a tornado that struck the mill.,,,,,,,,,,,,,"['08/09/2022', 'Hood Industries \nBeaumont (Perry)', 'Twin District', 'RR-MS-\n2022-\n0009', '324122 – Asphalt \nShingle and \nCoating Materials \nManufacturing', 'Closure', '223', '08/26/2022', 'WARN- Damage due to \na tornado that struck the \nmill.']",100.0,warn-py2022-quarter-1-july-sept-2022.pdf,2,1,9
08/29/2022,Corsicana Mattress Company Olive Branch (DeSoto),MS Partnership,RR-MS- 2022- 0010,337910- Mattress Manufacturing,Closure,52,RR-pending,WARN-Due to decrease in sales.,,,,,,,,,,,,,"['08/29/2022', 'Corsicana Mattress \nCompany \nOlive Branch \n(DeSoto)', 'MS \nPartnership', 'RR-MS-\n2022-\n0010', '337910- Mattress \nManufacturing', 'Closure', '52', 'RR-pending', 'WARN-Due to decrease \nin sales.']",100.0,warn-py2022-quarter-1-july-sept-2022.pdf,2,1,9
08/18/2022,Kindthread/Landau Uniforms Olive Branch (DeSoto),MS Partnership,RR-MS- 2022- 0011,315990 – Apparel Accessories and Other Apparel Manufacturing,Closure,75,09/20/2022,WARN- Due to employment losses related to buyout.,,,,,,,,,,,,,"['08/18/2022', 'Kindthread/Landau \nUniforms \nOlive Branch \n(DeSoto)', 'MS \nPartnership', 'RR-MS-\n2022-\n0011', '315990 – Apparel \nAccessories and \nOther Apparel \nManufacturing', 'Closure', '75', '09/20/2022', 'WARN-  Due to \nemployment losses \nrelated to buyout.']",100.0,warn-py2022-quarter-1-july-sept-2022.pdf,3,1,9
09/06/2022,VanLeigh RV Burnsville (Tishomingo),MS Partnership,RR-MS- 2022- 0012,336214- Travel Trailer and Camper Manufacturing,Layoff,43,09/22/2022,Non-WARN- Due to Decrease in Sales.,,,,,,,,,,,,,"['09/06/2022', 'VanLeigh RV \nBurnsville \n(Tishomingo)', 'MS \nPartnership', 'RR-MS-\n2022-\n0012', '336214- Travel \nTrailer and \nCamper \nManufacturing', 'Layoff', '43', '09/22/2022', 'Non-WARN- Due to \nDecrease in Sales.']",100.0,warn-py2022-quarter-1-july-sept-2022.pdf,3,1,9
09/15/2022,Tiffin Motorhomes Belmont (Tishomingo),MS Partnership,RR-MS- 2022- 0013,441210 – Recreational Vehicle Dealers,Layoff,25,09/2/2022,Non-WARN – Due to decrease in sales,,,,,,,,,,,,,"['09/15/2022', 'Tiffin Motorhomes \nBelmont \n(Tishomingo)', 'MS \nPartnership', 'RR-MS-\n2022-\n0013', '441210 – \nRecreational \nVehicle Dealers', 'Layoff', '25', '09/2/2022', 'Non-WARN – Due to \ndecrease in sales']",100.0,warn-py2022-quarter-1-july-sept-2022.pdf,3,1,9
9/29/2022,"Aluminum Extrusions, Inc. (AEI) Senatobia (Tate)",MS Partnership,RR-MS- 2022- 0014,"331318 – Other Aluminum Rolling, Drawing, and Extruding",Closure,6,9/20/2022,WARN – Due to plant closure.,,,,,,,,,,,,,"['9/29/2022', 'Aluminum Extrusions, \nInc. (AEI) \nSenatobia (Tate)', 'MS \nPartnership', 'RR-MS-\n2022-\n0014', '331318 – Other \nAluminum Rolling, \nDrawing, and \nExtruding', 'Closure', '6', '9/20/2022', 'WARN – Due to \nplant closure.']",100.0,warn-py2022-quarter-2-oct-dec-2022.pdf,1,1,9
10/5/2022,"Greenwood Leflore Hospital Greenwood, (Leflore)",Delta,RR-MS- 2022- 0015,62211 –General Medical and Surgical Hospital,Layoff,600,12-1-2022,WARN – Due to their contract not being renewed,,,,,,,,,,,,,"['10/5/2022', 'Greenwood Leflore \nHospital \nGreenwood, (Leflore)', 'Delta', 'RR-MS-\n2022-\n0015', '62211 –General \nMedical and Surgical \nHospital', 'Layoff', '600', '12-1-2022', 'WARN – Due to \ntheir contract not \nbeing renewed']",100.0,warn-py2022-quarter-2-oct-dec-2022.pdf,1,1,9
11/07/2022,"GXO Logistics Supply Chain, Inc. Olive Branch (DeSoto)",MS. Partnership,RR-MS- 2022- 0016,488510 – Freight Transportation Arrangement,Closure,165,3/31/2023,"WARN – permanent closure, due to business decision.",,,,,,,,,,,,,"['11/07/2022', 'GXO Logistics Supply \nChain, Inc. \nOlive Branch (DeSoto)', 'MS. \nPartnership', 'RR-MS-\n2022-\n0016', '488510 – Freight \nTransportation \nArrangement', 'Closure', '165', '3/31/2023', 'WARN – permanent \nclosure, due to \nbusiness decision.']",100.0,warn-py2022-quarter-2-oct-dec-2022.pdf,1,1,9
11/14/2022,Region One Mental Health Center Clarksdale (Coahoma),Delta,RR-MS- 2022- 0017,621420 – Outpatient Mental Health and Substance Abuse Centers,Closure,142,1/31/2023,WARN – Closed due to a buyout and financial issues.,,,,,,,,,,,,,"['11/14/2022', 'Region One Mental \nHealth Center \nClarksdale (Coahoma)', 'Delta', 'RR-MS-\n2022-\n0017', '621420 – Outpatient \nMental Health and \nSubstance Abuse \nCenters', 'Closure', '142', '1/31/2023', 'WARN – Closed due \nto a buyout and \nfinancial issues.']",100.0,warn-py2022-quarter-2-oct-dec-2022.pdf,1,1,9
11/21/2022,Tiffin Motorhomes Belmont (Tishomingo),MS Partnership,RR-MS- 2022- 0018,441210 – Recreational Vehicle Dealers,Layoffs,50,12/1/2022,Non-WARN- Due to a shortage of parts and supplies.,,,,,,,,,,,,,"['11/21/2022', 'Tiffin Motorhomes \nBelmont (Tishomingo)', 'MS \nPartnership', 'RR-MS-\n2022-\n0018', '441210 – Recreational \nVehicle Dealers', 'Layoffs', '50', '12/1/2022', 'Non-WARN- Due to \na shortage of parts \nand supplies.']",100.0,warn-py2022-quarter-2-oct-dec-2022.pdf,1,1,9
11/21/2022,United Furniture Amory (Monroe),MS Partnership,RR-MS- 2022- 0019,44211 – Furniture Store,Closure,"1,000",11/21/2022,WARN – Due to unforeseen business circumstances,,,,,,,,,,,,,"['11/21/2022', 'United Furniture \nAmory (Monroe)', 'MS \nPartnership', 'RR-MS-\n2022-\n0019', '44211 – Furniture \nStore', 'Closure', '1,000', '11/21/2022', 'WARN – Due to \nunforeseen business \ncircumstances']",100.0,warn-py2022-quarter-2-oct-dec-2022.pdf,1,1,9
12/12/22,Magnolia Processing DBA Pride of the Pond Tunica ( Tunica),Delta,RR-MS- 2022- 0020,424460 – Fish and food Merchant Wholesalers,Layoff,57,12/6/2022,WARN- Temporary layoff due to the economy.,,,,,,,,,,,,,"['12/12/22', 'Magnolia Processing \nDBA Pride of the Pond \nTunica ( Tunica)', 'Delta', 'RR-MS-\n2022-\n0020', '424460 – Fish and \nfood Merchant \nWholesalers', 'Layoff', '57', '12/6/2022', 'WARN- Temporary \nlayoff due to the \neconomy.']",100.0,warn-py2022-quarter-2-oct-dec-2022.pdf,1,1,9
1/3/2023,Motus Integrated Technologies Columbus (Lowndes),MS Partnership,RR-MS- 2022-0021,314999 – All Other Miscellaneous Textile Product Mills,Closure,52,02/23/2023,WARN- Due to decision to consolidate business into other companies locations.,,,,,,,,,,,,,"['1/3/2023', 'Motus Integrated \nTechnologies \nColumbus (Lowndes)', 'MS \nPartnership', 'RR-MS-\n2022-0021', '314999 – All Other \nMiscellaneous \nTextile Product \nMills', 'Closure', '52', '02/23/2023', 'WARN- Due to \ndecision to consolidate \nbusiness into other \ncompanies locations.']",99.47,warn-py2022-quarter-3-jan-mar-2023.pdf,1,1,9
1/9/2023,"Tri State Profile, LLC Iuka (Tishomingo)",MS Partnership,RR-MS- 2022-0022,337110 – Wood Kitchen Cabinet and Countertop Manufacturing,Layoff,37,01/25/2023,Non-WARN- Due to a suppliers “unannounced “ shutdown.,,,,,,,,,,,,,"['1/9/2023', 'Tri State Profile, LLC \nIuka (Tishomingo)', 'MS \nPartnership', 'RR-MS-\n2022-0022', '337110 – Wood \nKitchen Cabinet \nand Countertop \nManufacturing', 'Layoff', '37', '01/25/2023', 'Non-WARN- Due to a \nsuppliers \n“unannounced “ \nshutdown.']",99.47,warn-py2022-quarter-3-jan-mar-2023.pdf,1,1,9
2/13/2013,Milwaukee Tool Clinton (Hinds),Southcentral MS Works,RR-MS- 2022-0023,333991 – Power Driven Hand tool Manufacturing,Closure,150,03/30/2023,WARN –Due to operations being relocated to other facilities.,,,,,,,,,,,,,"['2/13/2013', 'Milwaukee Tool \nClinton (Hinds)', 'Southcentral \nMS Works', 'RR-MS-\n2022-0023', '333991 – Power \nDriven Hand tool \nManufacturing', 'Closure', '150', '03/30/2023', 'WARN –Due to  \noperations being \nrelocated to other \nfacilities.']",99.47,warn-py2022-quarter-3-jan-mar-2023.pdf,1,1,9
03/01/2023,NCFI Polyurethane/Sleepmade Columbus (Lowndes),MS Partnership,RR-MS- 2022-0024,32650 – Urethane and Other Foam Product (except polystyrene) Manufacturing,Layoff,6,03/14/2023,Non-WARN- Due to downturn in business.,,,,,,,,,,,,,"['03/01/2023', 'NCFI \nPolyurethane/Sleepmade \nColumbus (Lowndes)', 'MS \nPartnership', 'RR-MS-\n2022-0024', '32650 – Urethane \nand Other Foam \nProduct (except \npolystyrene) \nManufacturing', 'Layoff', '6', '03/14/2023', 'Non-WARN- Due to \ndownturn in business.']",99.47,warn-py2022-quarter-3-jan-mar-2023.pdf,1,1,9
03/06/2023,Tiffin Motorhomes Belmont (Tishomingo),MS Partnership,RR-MS- 2022-0025,441210- Recreational Vehicle Dealers,Layoff,41,03/31/2023,Non-WARN-Due to decrease in sales.,,,,,,,,,,,,,"['03/06/2023', 'Tiffin Motorhomes \nBelmont (Tishomingo)', 'MS \nPartnership', 'RR-MS-\n2022-0025', '441210-\nRecreational \nVehicle Dealers', 'Layoff', '41', '03/31/2023', 'Non-WARN-Due to \ndecrease in sales.']",99.47,warn-py2022-quarter-3-jan-mar-2023.pdf,1,1,9
3/23/2023 Alliance Healthcare,System Holly Springs (Marshall),MS Partnership,RR-MS- 2022-0026,621111 – Offices of Physicians (Except Mental Health Specialists),Layoff,100,03/27/2023,Non-WARN – Due to financial circumstances beyond their control.,,,,,,,,,,,,,"['3/23/2023  Alliance Healthcare', 'System \nHolly Springs (Marshall)', 'MS \nPartnership', 'RR-MS-\n2022-0026', '621111 – Offices \nof Physicians \n(Except Mental \nHealth Specialists)', 'Layoff', '100', '03/27/2023', 'Non-WARN – Due to \nfinancial \ncircumstances beyond \ntheir control.']",99.47,warn-py2022-quarter-3-jan-mar-2023.pdf,1,1,9
03/23/2023 Sun Air Products,Belmont (Tishomingo),MS Partnership,RR-MS- 2022-0027,332999- - All Other Miscellaneous Fabricated Metal Product Manufacturing,Layoff,50,03/27/2023,Non-WARN – Due to main customer layoffs it has caused work load to be unstable.,,,,,,,,,,,,,"['03/23/2023  Sun Air Products', 'Belmont (Tishomingo)', 'MS \nPartnership', 'RR-MS-\n2022-0027', '332999- - All \nOther \nMiscellaneous \nFabricated Metal \nProduct \nManufacturing', 'Layoff', '50', '03/27/2023', 'Non-WARN – Due to \nmain customer layoffs \nit has caused work load \nto be unstable.']",96.79,warn-py2022-quarter-3-jan-mar-2023.pdf,2,1,9
03/20/2023 GXO Logistics Supply,"Chain, Inc. Horn Lake (DeSoto)",MS Partnership,RR-MS- 2022-0028,488510 – Freight Transportation Arrangement,Closure,248,,05/16/2023 WARN – On behalf of a client will cease operations.,,,,,,,,,,,,,"['03/20/2023  GXO Logistics Supply', 'Chain, Inc. \nHorn Lake (DeSoto)', 'MS \nPartnership', 'RR-MS-\n2022-0028', '488510 – Freight \nTransportation \nArrangement', 'Closure', '248', '', '05/16/2023  WARN – On behalf  \nof a client will cease \noperations.']",96.79,warn-py2022-quarter-3-jan-mar-2023.pdf,2,1,8
4/7/2023,Advanced Distributor Products Grenada (Grenada),MS Partnership,RR-MS- 2022- 0029,333415 – Air-Conditioning and Warm Air Heating Equipment and Commercial and Industrial Refrigeration Equipment Manufacturing,Layoff,67,4/12/2023,Non-WARN – Due to the downturn in the economy.,,,,,,,,,,,,,"['4/7/2023', 'Advanced \nDistributor Products \nGrenada (Grenada)', 'MS \nPartnership', 'RR-MS-\n2022-\n0029', '333415 – Air-Conditioning \nand Warm Air Heating \nEquipment and \nCommercial and Industrial \nRefrigeration Equipment \nManufacturing', 'Layoff', '67', '4/12/2023', 'Non-WARN – Due \nto the downturn in \nthe economy.']",100.0,warn-py2022-quarter-4-april-june-2023.pdf,1,1,9
4/14/2023,NauticStar Boats Amory (Monroe),MS Partnership,RR-MS- 2022- 0030,441222 – Boat Dealers,Layoff,92,4/14/2023,"WARN – Due to Natural Disaster (tornado) on March 24, 2023.",,,,,,,,,,,,,"['4/14/2023', 'NauticStar Boats \nAmory (Monroe)', 'MS \nPartnership', 'RR-MS-\n2022-\n0030', '441222 – Boat Dealers', 'Layoff', '92', '4/14/2023', 'WARN – Due to \nNatural Disaster \n(tornado) on March \n24, 2023.']",100.0,warn-py2022-quarter-4-april-june-2023.pdf,1,1,9
04/10/2023,Valeo Madison (Madison),Southcentral MSWORKS,RR-MS- 2022- 0031,336390- Other Motor Vehicle Parts Manufacturing,Closure,20,4/19/2023,Non-WARN – Parts that are made will become obsolete.,,,,,,,,,,,,,"['04/10/2023', 'Valeo \nMadison (Madison)', 'Southcentral \nMSWORKS', 'RR-MS-\n2022-\n0031', '336390- Other Motor \nVehicle Parts \nManufacturing', 'Closure', '20', '4/19/2023', 'Non-WARN – Parts \nthat are made will \nbecome obsolete.']",100.0,warn-py2022-quarter-4-april-june-2023.pdf,1,1,9
5/10/2023,"Jimco Lamp and Manufacturing, LLC Southaven (DeSoto)",MS Partnership,RR-MS- 2022- 0032,442299 – All others Home Furnishings Stores,Closure,53,6/21/20023,WARN- Due to unforeseen business circumstances.,,,,,,,,,,,,,"['5/10/2023', 'Jimco Lamp and \nManufacturing, \nLLC \nSouthaven (DeSoto)', 'MS \nPartnership', 'RR-MS-\n2022-\n0032', '442299 – All others Home \nFurnishings Stores', 'Closure', '53', '6/21/20023', 'WARN- Due to \nunforeseen business \ncircumstances.']",100.0,warn-py2022-quarter-4-april-june-2023.pdf,1,1,9
5/31/2023,Aerospace Corp DBA ASR- Pioneer Columbia (Marion),Twin District,RR-MS- 2022- 0033,33641 – Aerospace Product and Parts Manufacturing – Aircraft Manufacturing,Closure,96,6/7/2023,WARN- Due to financial difficulty.,,,,,,,,,,,,,"['5/31/2023', 'Aerospace Corp \nDBA ASR- Pioneer \nColumbia (Marion)', 'Twin \nDistrict', 'RR-MS-\n2022-\n0033', '33641 – Aerospace \nProduct and Parts \nManufacturing – Aircraft \nManufacturing', 'Closure', '96', '6/7/2023', 'WARN- Due to \nfinancial difficulty.']",100.0,warn-py2022-quarter-4-april-june-2023.pdf,1,1,9
6/6/2023,Advanced Distributor Products Grenada (Grenada),MS Partnership,RR-MS- 2022- 0034,33415 - Air-Conditioning and Warm Air Heating Equipment and Commercial and Industrial Refrigeration Equipment Manufacturing,Layoff,38,6/ 9/2023,Non-WARN – Due to the downturn in the economy.,,,,,,,,,,,,,"['6/6/2023', 'Advanced \nDistributor Products \nGrenada (Grenada)', 'MS \nPartnership', 'RR-MS-\n2022-\n0034', '33415 - Air-Conditioning \nand Warm Air Heating \nEquipment and \nCommercial and Industrial \nRefrigeration Equipment \nManufacturing', 'Layoff', '38', '6/ 9/2023', 'Non-WARN – Due \nto the downturn in \nthe economy.']",100.0,warn-py2022-quarter-4-april-june-2023.pdf,1,1,9
06/08/2022,Federal Express Corporation Richland (Rankin),Southcentral MS Works,RR-MS- 2022- 0035,"484121 – General Freight Trucking, Long-Distance Truckload",Closure,77,9/4/2023,WARN – Consolidated its operations.,,,,,,,,,,,,,"['06/08/2022', 'Federal Express \nCorporation \nRichland (Rankin)', 'Southcentral \nMS Works', 'RR-MS-\n2022-\n0035', '484121 – General Freight \nTrucking, Long-Distance \nTruckload', 'Closure', '77', '9/4/2023', 'WARN – \nConsolidated its \noperations.']",100.0,warn-py2022-quarter-4-april-june-2023.pdf,2,1,9
06/09/2023,Vectrus System Corporation/Keesler Base Services Biloxi (Harrison),Twin District,RR-MS- 2022- 0036,541330- Engineering Services,Layoff,191,7/31/ 2023,WARN –Due to loss of contract.,,,,,,,,,,,,,"['06/09/2023', 'Vectrus System \nCorporation/Keesler \nBase Services \nBiloxi (Harrison)', 'Twin \nDistrict', 'RR-MS-\n2022-\n0036', '541330- Engineering \nServices', 'Layoff', '191', '7/31/ 2023', 'WARN –Due to loss \nof contract.']",100.0,warn-py2022-quarter-4-april-june-2023.pdf,2,1,9
6/21/2023,Roseburg Forest Products Taylorsville (Smith),Twin District,RR-MS- 2022- 0037,321212 – Softwood Veneer and Plywood Manufacturing,Closure,101,8/21/2023,WARN – Due to the downturn in the economy.,,,,,,,,,,,,,"['6/21/2023', 'Roseburg Forest \nProducts \nTaylorsville (Smith)', 'Twin \nDistrict', 'RR-MS-\n2022-\n0037', '321212 – Softwood Veneer \nand Plywood \nManufacturing', 'Closure', '101', '8/21/2023', 'WARN – Due to the \ndownturn in the \neconomy.']",100.0,warn-py2022-quarter-4-april-june-2023.pdf,2,1,9
7/26/2023,International Converter Iuka (Tishomingo),MS Partnership,RR-MS- 2023- 0001,561910 – Packaging and labeling Services,Closure,38,08/08/2023,Non-WARN – Due to economic downturn.,,,,,,,,,,,,,"['7/26/2023', 'International \nConverter \nIuka (Tishomingo)', 'MS \nPartnership', 'RR-MS-\n2023-\n0001', '561910 – Packaging \nand labeling Services', 'Closure', '38', '08/08/2023', 'Non-WARN – Due \nto economic \ndownturn.']",100.0,warn-py2023-qtr-1-july-sept-2023.pdf,1,1,9
7/23/2023,"Alan Ritchey, Inc. Southaven (DeSoto)",MS Partnership,RR-MS- 2023- 0002,"484120 – General Freight Trucking, Long Distance",Closure,191,09/13/2023,WARN – Due to a contract not being renewed.,,,,,,,,,,,,,"['7/23/2023', 'Alan Ritchey, Inc. \nSouthaven \n(DeSoto)', 'MS \nPartnership', 'RR-MS- \n2023-\n0002', '484120 – General \nFreight Trucking, Long \nDistance', 'Closure', '191', '09/13/2023', 'WARN – Due to a \ncontract not being \nrenewed.']",100.0,warn-py2023-qtr-1-july-sept-2023.pdf,1,1,9
8/3/2023,YRC Worldwide (Yellow Corp.) Richland (Rankin),Southcentral MS Works,RR-MS- 2023- 0003,484121 – General Freight Trucking Long Distance Truckload,Closure,436,08/31/2023 09/01/2023,WARN- Pending Bankruptcy,,,,,,,,,,,,,"['8/3/2023', 'YRC Worldwide \n(Yellow Corp.) \nRichland (Rankin)', 'Southcentral \nMS Works', 'RR-MS-\n2023-\n0003', '484121 – General \nFreight Trucking Long \nDistance Truckload', 'Closure', '436', '08/31/2023 \n09/01/2023', 'WARN-  Pending \nBankruptcy']",100.0,warn-py2023-qtr-1-july-sept-2023.pdf,1,1,9
8/29/2023,"Kuehne + Nagel, Inc. Southaven (DeSoto)",MS Partnership,RR-MS- 2023- 0004,"484122- General Freight Trucking, Long Distance-Less than Truckload",Layoff,110,8/31/2023,WARN – Due to a contract not being renewed.,,,,,,,,,,,,,"['8/29/2023', 'Kuehne + Nagel, \nInc. \nSouthaven \n(DeSoto)', 'MS \nPartnership', 'RR-MS-\n2023-\n0004', '484122- General \nFreight Trucking, Long \nDistance-Less than \nTruckload', 'Layoff', '110', '8/31/2023', 'WARN – Due to a \ncontract not being \nrenewed.']",100.0,warn-py2023-qtr-1-july-sept-2023.pdf,1,1,9
07/25/2023,Associated Wholesale Grocers Southaven (DeSoto),MS Partnership,RR-MS- 2023- 0005,424410 – General Line Grocer Merchant Wholesalers,Closure,70,9/14/2023,"WARN – Relocating Operations to Hernando, MS",,,,,,,,,,,,,"['07/25/2023', 'Associated \nWholesale Grocers \nSouthaven \n(DeSoto)', 'MS \nPartnership', 'RR-MS-\n2023-\n0005', '424410 – General Line \nGrocer Merchant \nWholesalers', 'Closure', '70', '9/14/2023', 'WARN – Relocating \nOperations to \nHernando, MS']",100.0,warn-py2023-qtr-1-july-sept-2023.pdf,1,1,9
10/09/2023,"Attala Steel, Inc. Kosciusko (Attala)",MS Partnership,RR-MS- 2023-0006,331110 – Iron and Steel Mills and Ferroalloy Manufacturing.,Layoff,83,10/5/2023,WARN – Due to insufficient customers’ orders to work at full capacity.,,,,,,,,,,,,,"['10/09/2023', 'Attala Steel, Inc. \nKosciusko (Attala)', 'MS \nPartnership', 'RR-MS- \n2023-0006', '331110 – Iron and \nSteel Mills and \nFerroalloy \nManufacturing.', 'Layoff', '83', '10/5/2023', 'WARN – Due to  \ninsufficient customers’ orders \nto work at full capacity.']",100.0,warn-py2023-qtr-2-oct-dec-2023.pdf,1,1,9
10/16/2023,Navistar Defense West Point (Clay),MS Partnership,RR-MS- 2023-0007,336992 – Military Armored Vehicle and Tank Component Manufacturing,Layoff,91,11/30/2023,WARN - Due to unforeseeable business circumstances.,,,,,,,,,,,,,"['10/16/2023', 'Navistar Defense \nWest Point (Clay)', 'MS \nPartnership', 'RR-MS- \n2023-0007', '336992 – Military \nArmored  \nVehicle and Tank  \nComponent \nManufacturing', 'Layoff', '91', '11/30/2023', 'WARN -  Due to \nunforeseeable business \ncircumstances.']",100.0,warn-py2023-qtr-2-oct-dec-2023.pdf,1,1,9
10/16/2023,Navistar Defense West Point (Clay),MS Partnership,RR-MS- 2023-0008,336992 – Military Armored Vehicle and Tank Component Manufacturing,Layoff,118,10/26/2023,WARN - Due to unforeseeable business circumstances.,,,,,,,,,,,,,"['10/16/2023', 'Navistar Defense \nWest Point (Clay)', 'MS \nPartnership', 'RR-MS-  \n2023-0008', '336992 – Military \nArmored  \nVehicle and Tank  \nComponent \nManufacturing', 'Layoff', '118', '10/26/2023', 'WARN -  Due to \nunforeseeable business \ncircumstances.']",100.0,warn-py2023-qtr-2-oct-dec-2023.pdf,1,1,9
10/17/2023,"Rollins Moving Storage, Inc. West Point ( Clay)",MS Partnership,RR-MS- 2023-0009,484210 – Uses Household and office Goods Moving,Layoff,21,10/26/2023,Non-WARN – Due t a reduction of orders from commercial Contracts.,,,,,,,,,,,,,"['10/17/2023', 'Rollins Moving \nStorage, \nInc. \nWest Point ( Clay)', 'MS \nPartnership', 'RR-MS- \n2023-0009', '484210 – Uses \nHousehold and office \nGoods Moving', 'Layoff', '21', '10/26/2023', 'Non-WARN – Due t a  \nreduction of orders from \ncommercial Contracts.']",100.0,warn-py2023-qtr-2-oct-dec-2023.pdf,1,1,9
10/31/2023,FedEx Supply Chain Olive Branch (DeSoto),MS Partnership,RR-MS- 2023-0010,"484121 – General Freight Trucking, Long Distance, Truckload",Closure,169,12/29/2023,WARN – Due to transition its business to another provider in another location.,,,,,,,,,,,,,"['10/31/2023', 'FedEx Supply \nChain Olive \nBranch (DeSoto)', 'MS \nPartnership', 'RR-MS-  \n2023-0010', '484121 – General \nFreight  \nTrucking, Long \nDistance,  \nTruckload', 'Closure', '169', '12/29/2023', 'WARN – Due to transition its \nbusiness to another provider \nin another location.']",100.0,warn-py2023-qtr-2-oct-dec-2023.pdf,1,1,9
11/15/2023,Plymouth Tube Company Eupora (Webster),MS Partnership,RR-MS- 2023-0011,331110 – Iron and Steel Mills and Ferroalloy Manufacturing,Layoff,77,11/18/2023,Non-WARN – Due to lack of work.,,,,,,,,,,,,,"['11/15/2023', 'Plymouth Tube \nCompany Eupora \n(Webster)', 'MS \nPartnership', 'RR-MS- \n2023-0011', '331110 – Iron and \nSteel  \nMills and Ferroalloy  \nManufacturing', 'Layoff', '77', '11/18/2023', 'Non-WARN – Due to lack of \nwork.']",100.0,warn-py2023-qtr-2-oct-dec-2023.pdf,2,1,9
1/18/224,PSP Industries Iuka (Tishomingo),MS Partnership,RR-MS- 2023-0012,33200 – Fabricated Structural Metal Manufacturing,Layoff,71,1/15/2024,Non-WARN – Temporary layoff due to winter weather.,,,,,,,,,,,,,"['1/18/224', 'PSP Industries \nIuka (Tishomingo)', 'MS \nPartnership', 'RR-MS-\n2023-0012', '33200 – Fabricated \nStructural Metal \nManufacturing', 'Layoff', '71', '1/15/2024', 'Non-WARN – \nTemporary layoff due to \nwinter weather.']",100.0,warn-py2023-qtr-3-jan-mar-2024.pdf,1,1,9
1/18/2023,PSP Industries Fulton (Itawamba),MS Partnership,RR-MS- 2023-0013,33200 – Fabricated Structural Metal Manufacturing,Layoff,36,1/13/2024,Non-WARN – Temporary layoff due to winter weather.,,,,,,,,,,,,,"['1/18/2023', 'PSP Industries \nFulton (Itawamba)', 'MS \nPartnership', 'RR-MS-\n2023-0013', '33200 – Fabricated \nStructural Metal \nManufacturing', 'Layoff', '36', '1/13/2024', 'Non-WARN – \nTemporary layoff due to \nwinter weather.']",100.0,warn-py2023-qtr-3-jan-mar-2024.pdf,1,1,9
1/18/2024,"Homestead Furniture, LLC New Albany (Union)",MS Partnership,RR-MS- 2023-0014,442110 – Furniture Store,Layoff,58,1/12/2024,Non-WARN – Temporary layoff due to winter weather.,,,,,,,,,,,,,"['1/18/2024', 'Homestead \nFurniture, LLC \nNew Albany \n(Union)', 'MS \nPartnership', 'RR-MS-\n2023-0014', '442110 – Furniture \nStore', 'Layoff', '58', '1/12/2024', 'Non-WARN – \nTemporary layoff due to \nwinter weather.']",100.0,warn-py2023-qtr-3-jan-mar-2024.pdf,1,1,9
1/17/2024,Crown Cork & Seal USA Inc. Batesville (Panola),Delta,RR-MS- 2023-0015,332431 – Metal Can Manufacturing,Closure,145,02/12/2024,WARN - Due to unforeseeable business circumstances.,,,,,,,,,,,,,"['1/17/2024', 'Crown Cork & \nSeal USA \nInc. \nBatesville (Panola)', 'Delta', 'RR-MS-\n2023-0015', '332431 – Metal Can \nManufacturing', 'Closure', '145', '02/12/2024', 'WARN - Due to \nunforeseeable business \ncircumstances.']",100.0,warn-py2023-qtr-3-jan-mar-2024.pdf,1,1,9
01/25/2024,Omega Motion Saltillo (Lee),MS Partnership,RR-MS- 2023-0016,423210 – Furniture Merchant Wholesalers,Closure,130,03/19/2024,WARN – Due to restructuring business.,,,,,,,,,,,,,"['01/25/2024', 'Omega Motion \nSaltillo (Lee)', 'MS \nPartnership', 'RR-MS-\n2023-0016', '423210 – Furniture \nMerchant \nWholesalers', 'Closure', '130', '03/19/2024', 'WARN – Due to \nrestructuring business.']",100.0,warn-py2023-qtr-3-jan-mar-2024.pdf,1,1,9
2/8/2024,Conair LLC Southaven (DeSoto),MS Partnership,RR-MS- 2023-0017,335210 – Small Electrical Appliance Manufacturing,Closure,92,2/16/2024,WARN - Due to unforeseeable business circumstances.,,,,,,,,,,,,,"['2/8/2024', 'Conair LLC \nSouthaven \n(DeSoto)', 'MS \nPartnership', 'RR-MS-\n2023-0017', '335210 – Small \nElectrical Appliance \nManufacturing', 'Closure', '92', '2/16/2024', 'WARN - Due to \nunforeseeable business \ncircumstances.']",100.0,warn-py2023-qtr-3-jan-mar-2024.pdf,1,1,9
02/20/2024,Agrisolutions Wear Technologies Corp. Holly Springs (Marshall),MS Partnership,RR-MS- 2023-0018,332811 – Metal Heat Treating,Closure,35,03/12/2021,Non-WARN – Consolidating work into another location.,,,,,,,,,,,,,"['02/20/2024', 'Agrisolutions Wear \nTechnologies \nCorp. \nHolly Springs \n(Marshall)', 'MS \nPartnership', 'RR-MS-\n2023-0018', '332811 – Metal Heat \nTreating', 'Closure', '35', '03/12/2021', 'Non-WARN – \nConsolidating work into \nanother location.']",100.0,warn-py2023-qtr-3-jan-mar-2024.pdf,1,1,9
7/26/2023,International Converter Iuka (Tishomingo),MS Partnership,RR-MS- 2023-0001,561910 – Packaging and labeling Services,Closure,38,08/08/2023,Non-WARN – Due to economic downturn.,,,,,,,,,,,,,"['7/26/2023', 'International Converter \nIuka (Tishomingo)', 'MS \nPartnership', 'RR-MS-\n2023-0001', '561910 – Packaging \nand labeling Services', 'Closure', '38', '08/08/2023', 'Non-WARN – Due to \neconomic downturn.']",100.0,warn-py2023-qtr-4-apr-june2024.pdf,1,1,9
7/23/2023,"Alan Ritchey, Inc. Southaven (DeSoto)",MS Partnership,RR-MS- 2023-0002,"484120 – General Freight Trucking, Long Distance",Closure,191,09/13/2023,WARN – Due to a contract not being renewed.,,,,,,,,,,,,,"['7/23/2023', 'Alan Ritchey, Inc. \nSouthaven (DeSoto)', 'MS \nPartnership', 'RR-MS- \n2023-0002', '484120 – General \nFreight Trucking, \nLong Distance', 'Closure', '191', '09/13/2023', 'WARN – Due to a \ncontract not being \nrenewed.']",100.0,warn-py2023-qtr-4-apr-june2024.pdf,1,1,9
8/3/2023,YRC Worldwide (Yellow Corp.) Richland (Rankin),Southcentr al MS Works,RR-MS- 2023-0003,484121 – General Freight Trucking Long Distance Truckload,Closure,436,08/31/2023 09/01/2023,WARN- Pending Bankruptcy,,,,,,,,,,,,,"['8/3/2023', 'YRC Worldwide \n(Yellow Corp.) \nRichland (Rankin)', 'Southcentr\nal MS \nWorks', 'RR-MS-\n2023-0003', '484121 – General \nFreight Trucking \nLong Distance \nTruckload', 'Closure', '436', '08/31/2023 \n09/01/2023', 'WARN-  Pending \nBankruptcy']",100.0,warn-py2023-qtr-4-apr-june2024.pdf,1,1,9
8/29/2023,"Kuehne + Nagel, Inc. Southaven (DeSoto)",MS Partnership,RR-MS- 2023-0004,"484122- General Freight Trucking, Long Distance-Less than Truckload",Layoff,110,8/31/2023,WARN – Due to a contract not being renewed.,,,,,,,,,,,,,"['8/29/2023', 'Kuehne + Nagel, Inc. \nSouthaven (DeSoto)', 'MS \nPartnership', 'RR-MS-\n2023-0004', '484122- General \nFreight Trucking, \nLong Distance-Less \nthan Truckload', 'Layoff', '110', '8/31/2023', 'WARN – Due to a \ncontract not being \nrenewed.']",100.0,warn-py2023-qtr-4-apr-june2024.pdf,1,1,9
07/25/2023,Associated Wholesale Grocers Southaven (DeSoto),MS Partnership,RR-MS- 2023-0005,424410 – General Line Grocer Merchant Wholesalers,Closure,70,9/14/2023,"WARN – Relocating Operations to Hernando, MS",,,,,,,,,,,,,"['07/25/2023', 'Associated Wholesale \nGrocers \nSouthaven (DeSoto)', 'MS \nPartnership', 'RR-MS-\n2023-0005', '424410 – General \nLine Grocer \nMerchant \nWholesalers', 'Closure', '70', '9/14/2023', 'WARN – Relocating \nOperations to \nHernando, MS']",100.0,warn-py2023-qtr-4-apr-june2024.pdf,1,1,9
7/18/2024,"Elior, Inc Ridgeland (Madison)",South Central,RR-MS 2024- 0001,722310- Food Service Contractor,Closure,59,,WARN – The company is relocating out of state,,,,,,,,,,,,,"['7/18/2024', 'Elior, Inc \nRidgeland (Madison)', 'South \nCentral', 'RR-MS \n2024-\n0001', '722310- Food Service \nContractor', 'Closure', '59', '', 'WARN – The \ncompany is relocating \nout of state']",97.94,warn-py2024-q1-warn-jul2024-sep2024.pdf,1,2,8
7/23/2024,"Paxton Furniture Industries, LLC Okolona (Chickasaw)",MS Partnership,RR-MS- 2024- 0002,337000 – Furniture and Related Product Manufacturing,Closure,38,,7/24/2024 Non-WARN -Due to lack of business.,,,,,,,,,,,,,"['7/23/2024', 'Paxton Furniture \nIndustries, LLC \nOkolona (Chickasaw)', 'MS \nPartnership', 'RR-MS-\n2024-\n0002', '337000 – Furniture and \nRelated Product \nManufacturing', 'Closure', '38', '', '7/24/2024  Non-WARN -Due to \nlack of business.']",97.94,warn-py2024-q1-warn-jul2024-sep2024.pdf,1,2,8
"7/31/2024 Hartson – Kennedy,",Inc. Gulfport (Harrison),Twin District,RR-MS- 2024- 0003,337110 – Kitchen Cabinet and Countertop Manufacturing,Layoff,54,,WARN – Due to consolidation to primary facility.,,,,,,,,,,,,,"['7/31/2024  Hartson – Kennedy,', 'Inc. \nGulfport (Harrison)', 'Twin \nDistrict', 'RR-MS-\n2024-\n0003', '337110 – Kitchen Cabinet \nand Countertop \nManufacturing', 'Layoff', '54', '', 'WARN – Due to \nconsolidation to \nprimary facility.']",97.94,warn-py2024-q1-warn-jul2024-sep2024.pdf,1,2,8
9/19/2024,Laclede Chain Manufacturing Vicksburg (Warren),South Central,RR-MS- 2024- 0004,333248- All other Industrial Machinery Manufacturing,Closure,50,,9/26/2024 WARN – Due to Lack of business/financial.,,,,,,,,,,,,,"['9/19/2024', 'Laclede Chain \nManufacturing \nVicksburg (Warren)', 'South \nCentral', 'RR-MS-\n2024-\n0004', '333248- All other \nIndustrial Machinery \nManufacturing', 'Closure', '50', '', '9/26/2024  WARN – Due to Lack \nof business/financial.']",97.94,warn-py2024-q1-warn-jul2024-sep2024.pdf,1,2,8
9/3/2024,YoungWilliams Clinton (Hinds),South Central,RR-MS- 2024- 0005,541199 – All other Legal Services,Layoff,100,,10/1/2024 WARN – Due to loss of contract.,,,,,,,,,,,,,"['9/3/2024', 'YoungWilliams \nClinton (Hinds)', 'South \nCentral', 'RR-MS- \n2024-\n0005', '541199 – All other Legal \nServices', 'Layoff', '100', '', '10/1/2024  WARN – Due to loss \nof contract.']",97.94,warn-py2024-q1-warn-jul2024-sep2024.pdf,1,2,8
10/3/2024,View Operating Corporation Olive Branch (DeSoto),MS Partnership,RR-MS 2024- 0006,339999- All Other Miscellaneous Manufacturing,Layoff,147,10/3/2024 WARN- Due to the,economy,,,,,,,,,,,,,"['10/3/2024', 'View Operating \nCorporation \nOlive Branch \n(DeSoto)', 'MS \nPartnership', 'RR-MS \n2024-\n0006', '339999- All Other \nMiscellaneous \nManufacturing', 'Layoff', '147', '10/3/2024  WARN- Due to the', 'economy']",97.29,warn-py2024-q2-warn-oct2024-dec2024.pdf,1,1,9
10/17/2024,Levi Strauss & Co Canton (Madison),South Central MS Works,RR-MS- 2024- 0007,315250 – Cut and Sew Apparel Manufacturing (Except Contractors),Closure,267,,10/29/2024 WARN -. Consolidate production operations to another state.,,,,,,,,,,,,,"['10/17/2024', 'Levi Strauss & Co \nCanton (Madison)', 'South \nCentral MS \nWorks', 'RR-MS-\n2024-\n0007', '315250 – Cut and Sew \nApparel Manufacturing \n(Except Contractors)', 'Closure', '267', '', '10/29/2024  WARN -. Consolidate \nproduction operations \nto another state.']",97.29,warn-py2024-q2-warn-oct2024-dec2024.pdf,1,1,8
12/03/2024 Cooper Lighting,Solutions Vicksburg (Warren),South Central MS Works,RR-MS- 2024- 0008,335139 – Electric Lamp Bulb and Other Lighting Equipment Manufacturing,Closure,80,,01/14/2025 WARN- Realignment to enhance production.,,,,,,,,,,,,,"['12/03/2024  Cooper Lighting', 'Solutions \nVicksburg \n(Warren)', 'South \nCentral MS \nWorks', 'RR-MS-\n2024-\n0008', '335139 – Electric \nLamp Bulb and Other \nLighting Equipment \nManufacturing', 'Closure', '80', '', '01/14/2025  WARN- Realignment \nto enhance production.']",97.29,warn-py2024-q2-warn-oct2024-dec2024.pdf,1,1,8
1/27/2025 MW Components,Pontotoc (Pontotoc),MS Partnership,RR-MS 2024-0009,333248 – Industrial Machinery Manufacturing,Closure,121,,1/29/2025 WARN – Due to the loss of its primary customer.,,,,,,,,,,,,,"['1/27/2025  MW Components', 'Pontotoc (Pontotoc)', 'MS \nPartnership', 'RR-MS \n2024-0009', '333248 – Industrial \nMachinery \nManufacturing', 'Closure', '121', '', '1/29/2025  WARN – Due to the loss \nof its primary customer.']",95.35,warn-py2024-q3-warn-jan2025-mar2025.pdf,1,1,8
12/11/2024,Intuitive Surgical Southaven (DeSoto),MS Partnership,RR-MS 2024-0010,339112 – Surgical and Medical Instrument Manufacturing,Closure,157,,3/18/2025 WARN – Realignment to streamline operations.,,,,,,,,,,,,,"['12/11/2024', 'Intuitive Surgical \nSouthaven \n(DeSoto)', 'MS \nPartnership', 'RR-MS \n2024-0010', '339112 – Surgical \nand Medical \nInstrument \nManufacturing', 'Closure', '157', '', '3/18/2025  WARN – Realignment to \nstreamline operations.']",95.35,warn-py2024-q3-warn-jan2025-mar2025.pdf,1,1,8
02/06/2025 Enviva Pellets,Amory (Monroe),MS Partnership,RR-MS 2024-0011,321999 – All Other Miscellaneous Wood Product Manufacturing,Closure,30,02/07/2025 WARN – Due to,customer reduction in production,,,,,,,,,,,,,"['02/06/2025  Enviva Pellets', 'Amory (Monroe)', 'MS \nPartnership', 'RR-MS \n2024-0011', '321999 – All Other \nMiscellaneous Wood \nProduct \nManufacturing', 'Closure', '30', '02/07/2025  WARN – Due to', 'customer reduction in \nproduction']",95.35,warn-py2024-q3-warn-jan2025-mar2025.pdf,1,1,9
02/18/2025 WWL Vehicle,"Services Americas, Inc. Canton (Madison)",South Central MS Works,RR-MS 2024-0012,488510 – Freight Transportation Arrangement,Layoff,35,4/15/2025 WARN – Due to,customer reduction in production.,,,,,,,,,,,,,"['02/18/2025  WWL Vehicle', 'Services Americas, \nInc. \nCanton (Madison)', 'South \nCentral MS \nWorks', 'RR-MS \n2024-0012', '488510 – Freight \nTransportation \nArrangement', 'Layoff', '35', '4/15/2025  WARN – Due to', 'customer reduction in \nproduction.']",95.35,warn-py2024-q3-warn-jan2025-mar2025.pdf,1,1,9
1/22/2025 Diamond Comic,"Distributors, Inc. Olive Branch (DeSoto)",MS Partnership,RR-MS- 2024-0013,"424920 – Book, Periodical, and Newspaper Merchant Wholesalers",Closure,131,,3/19/2025 WARN – Due to facing financial challenges.,,,,,,,,,,,,,"['1/22/2025  Diamond Comic', 'Distributors, Inc. \nOlive Branch \n(DeSoto)', 'MS \nPartnership', 'RR-MS- \n2024-0013', '424920 – Book, \nPeriodical, and \nNewspaper Merchant \nWholesalers', 'Closure', '131', '', '3/19/2025  WARN – Due to facing \nfinancial challenges.']",95.35,warn-py2024-q3-warn-jan2025-mar2025.pdf,1,1,8
2/12/2025,CAPSTONE Logistics Canton (Madison),South Central MS Works,RR-MS- 2024-0014,488210 – Support Activities for Rail Transportation,Layoff,65,4/14/2025 WARN – Due to,Reduction-in-force,,,,,,,,,,,,,"['2/12/2025', 'CAPSTONE \nLogistics \nCanton (Madison)', 'South \nCentral MS \nWorks', 'RR-MS-\n2024-0014', '488210 – Support \nActivities for Rail \nTransportation', 'Layoff', '65', '4/14/2025  WARN – Due to', 'Reduction-in-force']",95.35,warn-py2024-q3-warn-jan2025-mar2025.pdf,1,1,9
3/18/2025,NauticStar Boats Amory (Monroe),MS Partnership,RR-MS 2024- 0015,336612 – Boat Builders,Closure,47,,4/17/2025 Non-WARN- Due to the economy.,,,,,,,,,,,,,"['3/18/2025', 'NauticStar Boats \nAmory (Monroe)', 'MS \nPartnership', 'RR-MS \n2024-\n0015', '336612 – Boat \nBuilders', 'Closure', '47', '', '4/17/2025  Non-WARN- Due to the \neconomy.']",96.3,warn-py2024-q4-warn-apr2025-jun2025.pdf,1,1,8
4/2/2025,C & D Jarnagin Co. Inc. Corinth (Alcorn),MS Partnership,R R-MS- 2024- 0016,315210 – Cut and sew Apparel Contractors,Closure,3,4/15/2025 Non-WARN- Lack of,Business.,,,,,,,,,,,,,"['4/2/2025', 'C & D Jarnagin Co. \nInc. \nCorinth (Alcorn)', 'MS \nPartnership', 'R\nR-MS-\n2024-\n0016', '315210 – Cut and \nsew Apparel \nContractors', 'Closure', '3', '4/15/2025  Non-WARN- Lack of', 'Business.']",96.3,warn-py2024-q4-warn-apr2025-jun2025.pdf,1,1,9
4/29/2025,SSC Services for Education at JSU Jackson (Hinds),South Central MS Works,R R-MS- 2024- 0017,561720 – Janitorial Services,Layoff,41,6/30/2025 Non-WARN – non-,renewal of the company’s service contract.,,,,,,,,,,,,,"['4/29/2025', 'SSC Services for \nEducation at JSU \nJackson (Hinds)', 'South \nCentral MS \nWorks', 'R\nR-MS-\n2024-\n0017', '561720 – Janitorial \nServices', 'Layoff', '41', '6/30/2025  Non-WARN – non-', 'renewal of the \ncompany’s service \ncontract.']",96.3,warn-py2024-q4-warn-apr2025-jun2025.pdf,1,1,9
4/3/2025,"Pregis Innovative Packaging, LLC Tupelo (Lee)",MS Partnership,RR-MS- 2024- 0018,326112 – Plastic Film and Sheeting Manufacturing,Closure,40,6/30/2025 Non-WARN – Due to,"business conditions continuing to shift, the company has decided to close.",,,,,,,,,,,,,"['4/3/2025', 'Pregis Innovative \nPackaging, LLC \nTupelo (Lee)', 'MS \nPartnership', 'RR-MS-\n2024-\n0018', '326112 – Plastic \nFilm and Sheeting \nManufacturing', 'Closure', '40', '6/30/2025  Non-WARN – Due to', 'business conditions \ncontinuing to shift, the \ncompany has decided to \nclose.']",96.3,warn-py2024-q4-warn-apr2025-jun2025.pdf,1,1,9
05/31/2025,iQor Holding US LCC Meridian (Lauderdale),Twin Districts,RR-MS- 2024- 0019,334413 – Semiconductor and Related Device Manufacturing,Layoff,50,6/23/2025 WARN – non-renewal,of contract.,,,,,,,,,,,,,"['05/31/2025', 'iQor Holding US LCC \nMeridian (Lauderdale)', 'Twin \nDistricts', 'RR-MS- \n2024-\n0019', '334413 – \nSemiconductor and \nRelated Device \nManufacturing', 'Layoff', '50', '6/23/2025  WARN – non-renewal', 'of contract.']",96.3,warn-py2024-q4-warn-apr2025-jun2025.pdf,1,1,9
6/2/2025,Finch Henry Job Corp Center/Education & Training Resources Batesville (Panola),Delta,RR-MS- 2025- 0020,611710 – Educational Support Services,Closure,113,6/11/2025 WARN- Due to,Financial Challenges,,,,,,,,,,,,,"['6/2/2025', 'Finch Henry Job Corp \nCenter/Education & \nTraining Resources \nBatesville (Panola)', 'Delta', 'RR-MS-\n2025-\n0020', '611710 – \nEducational Support \nServices', 'Closure', '113', '6/11/2025  WARN- Due to', 'Financial Challenges']",96.3,warn-py2024-q4-warn-apr2025-jun2025.pdf,1,1,9
03/18/2025 Mississippi Polymers,Corinth (Alcorn),MS Partnership,RR-MS- 2024- 0021,325211 – Plastic Material Resin Manufacturing,Layoff,102,6/24/2025 Non-WARN- This is a,temporary layoff – Due to unexpected drop in orders.,,,,,,,,,,,,,"['03/18/2025  Mississippi Polymers', 'Corinth (Alcorn)', 'MS \nPartnership', 'RR-MS-\n2024-\n0021', '325211 – Plastic \nMaterial Resin \nManufacturing', 'Layoff', '102', '6/24/2025  Non-WARN- This is a', 'temporary layoff – Due \nto unexpected drop in \norders.']",96.3,warn-py2024-q4-warn-apr2025-jun2025.pdf,1,1,9
3/27/2025,"IG Design Group Americas, Inc. Byhalia (Marshall)",MS Partnership,RR-MS- 2024- 0022,541990 – All Other Professional Scientific and Technical Services,Closure,113,08/26/2025 WARN – Due to,evolving business circumstances,,,,,,,,,,,,,"['3/27/2025', 'IG Design Group \nAmericas, Inc. \nByhalia (Marshall)', 'MS \nPartnership', 'RR-MS-\n2024-\n0022', '541990 – All Other \nProfessional Scientific and \nTechnical Services', 'Closure', '113', '08/26/2025  WARN – Due to', 'evolving business \ncircumstances']",96.88,warn-py2025-qtr-1-jul-sep-2025.pdf,1,1,9
"07/11/2025 Rex Lumber,","Brookhaven, LLC Brookhaven (Lincoln)",South Central MS Works,RR-MS- 2025- 0001,"423310 – Lumber, Plywood, Millwork, and Wood Panel Merchant Wholesalers",Layoff,71,9/9/2025 WARN – Due to,challenging market conditions.,,,,,,,,,,,,,"['07/11/2025  Rex Lumber,', 'Brookhaven, LLC \nBrookhaven (Lincoln)', 'South \nCentral MS \nWorks', 'RR-MS-\n2025-\n0001', '423310 – Lumber, \nPlywood, Millwork, and \nWood Panel Merchant \nWholesalers', 'Layoff', '71', '9/9/2025  WARN – Due to', 'challenging market \nconditions.']",96.88,warn-py2025-qtr-1-jul-sep-2025.pdf,1,1,9
8/13/2025,Advanced Distributor Products Grenada (Grenada),MS Partnership,RR-MS- 2025- 0002,333415 – Air Conditioning and Warm Air Heating Equipment and Commercial and Industrial Refrigeration Equipment,Layoff,69,,8/14/2025 Non-WARN – Due to reduction of workforce during down season.,,,,,,,,,,,,,"['8/13/2025', 'Advanced Distributor \nProducts \nGrenada (Grenada)', 'MS \nPartnership', 'RR-MS-\n2025-\n0002', '333415 – Air Conditioning \nand Warm Air Heating \nEquipment and \nCommercial and Industrial \nRefrigeration Equipment', 'Layoff', '69', '', '8/14/2025  Non-WARN – Due to \nreduction of workforce \nduring down season.']",96.88,warn-py2025-qtr-1-jul-sep-2025.pdf,1,1,8
8/21/2025,Resolute Forest Products US Inc. / Domtar Grenada (Grenada),MS Partnership,RR-MS- 2025- 0003,322120 – Paper Mill,Layoff,176,9/25/2025 WARN – Due to,current market conditions in the newsprint industry.,,,,,,,,,,,,,"['8/21/2025', 'Resolute Forest \nProducts US Inc. / \nDomtar \nGrenada (Grenada)', 'MS \nPartnership', 'RR-MS-\n2025-\n0003', '322120 – Paper Mill', 'Layoff', '176', '9/25/2025  WARN – Due to', 'current market \nconditions in the \nnewsprint industry.']",96.88,warn-py2025-qtr-1-jul-sep-2025.pdf,1,1,9
9/4/2025,"Boyd Tunica, Inc./ Sam’s Town Hotel Gambling Hall – Robinsonville (Tunica)",Delta,RR-MS- 2025- 0004,721120 – Casino Hotels,Closure,177,10/10/2025 WARN - Declining,market conditions.,,,,,,,,,,,,,"['9/4/2025', 'Boyd Tunica, Inc./ \nSam’s Town Hotel \nGambling Hall – \nRobinsonville (Tunica)', 'Delta', 'RR-MS- \n2025-\n0004', '721120 – Casino Hotels', 'Closure', '177', '10/10/2025  WARN - Declining', 'market conditions.']",96.88,warn-py2025-qtr-1-jul-sep-2025.pdf,1,1,9
9/22/2025,Spectra Laboratories Southaven (DeSoto),MS Partnership,RR-MS- 2025- 0005,621511- Medical Laboratories,Layoff,155,,11/25/2025 WARN – Due to being acquired by another company. RR-Pending,,,,,,,,,,,,,"['9/22/2025', 'Spectra Laboratories \nSouthaven (DeSoto)', 'MS \nPartnership', 'RR-MS-\n2025-\n0005', '621511- Medical \nLaboratories', 'Layoff', '155', '', '11/25/2025  WARN – Due to being \nacquired by another \ncompany. \nRR-Pending']",96.88,warn-py2025-qtr-1-jul-sep-2025.pdf,1,1,8
08/5/2025,"SIMOS Insourcing Solutions, LLC Olive Branch (DeSoto)",MS Partnership,RR-MS- 2024- 0006,561311 – Employment Placement Agencies,Layoff,159,10/03/2025 WARN- Due to,contract not being renewed.,,,,,,,,,,,,,"['08/5/2025', 'SIMOS Insourcing \nSolutions, LLC \nOlive Branch (DeSoto)', 'MS \nPartnership', 'RR-MS-\n2024-\n0006', '561311 – Employment \nPlacement Agencies', 'Layoff', '159', '10/03/2025  WARN- Due to', 'contract not being \nrenewed.']",98.26,warn-py2025-qtr-1-jul-sep-2025.pdf,2,1,9
11/6/2025,"Burgess-Norton Mfg. Co., Inc. Oxford (Lafayette)",MS Partnership,RR-MS- 2025-0007,331221- Rolled Steel Shape Manufacturing,Closure,79,4/15/2026 WARN -Decline in,customer sales.,,,,,,,,,,,,,"['11/6/2025', 'Burgess-Norton Mfg. Co., \nInc. \nOxford (Lafayette)', 'MS \nPartnership', 'RR-MS-\n2025-0007', '331221- Rolled Steel Shape \nManufacturing', 'Closure', '4/15/2026  WARN -Decline in', 'customer sales.', '', '', '', '', '', '79', '', '']",98.66,warn-py2025-qtr-2-oct-dec-2025.pdf,1,1,9
1/29/2025,Milwaukee Electric Tool Corp. Greenwood (Lefore),Delta,RR-MS- 2025-0008,333991 – Power Driven Hand Tool Manufacturing,Layoff,TBA,TBA,Non-WARN – Due to the relocation of the manufacturing operations,,,,,,,,,,,,,"['1/29/2025', 'Milwaukee Electric Tool \nCorp. \nGreenwood (Lefore)', 'Delta', 'RR-MS-\n2025-0008', '333991 – Power Driven \nHand Tool Manufacturing', 'Layoff', 'TBA', 'Non-WARN – Due to the \nrelocation of the \nmanufacturing operations', '', '', '', '', '', 'TBA', '', '']",98.66,warn-py2025-qtr-2-oct-dec-2025.pdf,1,1,9
12/16/2025 Westlake Chemical,Aberdeen (Monroe),MS Partnership,RR-MS- 2025-0009,325998 – All other Chemical Product and Preparation Manufacturing,Closure,99,2/2026,WARN -Due to challenging market conditions.,,,,,,,,,,,,,"['12/16/2025  Westlake Chemical', 'Aberdeen (Monroe)', 'MS \nPartnership', 'RR-MS-\n2025-0009', '325998 – All other Chemical \nProduct and Preparation \nManufacturing', 'Closure', '2/2026', 'WARN -Due to challenging \nmarket conditions.', '', '', '', '', '', '99', '', '']",98.66,warn-py2025-qtr-2-oct-dec-2025.pdf,1,1,9
1/6/2026,GXO Logistics,MS Partnership,RR-MS- 20250010,493110- General Warehousing and Storage,Closure,220,,1/31/2026 WARN – Due to current economy and changes in market demands.,,,,,,,,,,,Southaven,DeSoto,"['1/6/2026', 'GXO \nLogistics', 'Southaven', 'DeSoto', 'MS \nPartnership', 'RR-MS-\n20250010', '493110- \nGeneral \nWarehousing \nand Storage', 'Closure', '220', '', '1/31/2026  WARN – Due \nto current \neconomy and \nchanges in \nmarket \ndemands.']",99.34,warn-py2025-qtr-3-jan-mar-2026.pdf,1,1,10
12/1/2025,NOV Energy Products Services,MS Partnership,RR-MS- 2025-0011,326122 – Plastics Pipe and Pipe Fitting Manufacturing,Closure,12,4/1/2026,Non-WARN- Due to current economy.,,,,,,,,,,,Iuka,Tishomingo,"['12/1/2025', 'NOV Energy \nProducts \nServices', 'Iuka', 'Tishomingo', 'MS \nPartnership', 'RR-MS-\n2025-0011', '326122 – \nPlastics Pipe \nand Pipe \nFitting \nManufacturing', 'Closure', '12', '4/1/2026', 'Non-WARN- \nDue to current \neconomy.']",99.34,warn-py2025-qtr-3-jan-mar-2026.pdf,1,1,11
1/26/2026,"NIKE Retail Services, Inc",MS Partnership,RR-MS- 2025-0012,458110 – Clothing and Clothing Accessories Retailers,Layoff,193,4/3.2026,WARN - Distribution operations are being Reduced,,,,,,,,,,,Byhalia,Marshall,"['1/26/2026', 'NIKE Retail \nServices, Inc', 'Byhalia', 'Marshall', 'MS \nPartnership', 'RR-MS-\n2025-0012', '458110 – \nClothing and \nClothing \nAccessories \nRetailers', 'Layoff', '193', '4/3.2026', 'WARN -\nDistribution \noperations are \nbeing \nReduced']",99.34,warn-py2025-qtr-3-jan-mar-2026.pdf,1,1,11
2/11/2026,Regency Hospital,Twin Districts,RR-MS- 2025-0013,622110 – General Medical and Surgical Hospital,Closure,102,,2/11/2026 WARN -Due to significant financial losses,,,,,,,,,,,Meridian,Lauderdale,"['2/11/2026', 'Regency \nHospital', 'Meridian', 'Lauderdale', 'Twin \nDistricts', 'RR-MS- \n2025-0013', '622110 – \nGeneral \nMedical and \nSurgical \nHospital', 'Closure', '102', '', '2/11/2026  WARN -Due \nto significant \nfinancial \nlosses']",99.34,warn-py2025-qtr-3-jan-mar-2026.pdf,1,1,10
2/13/2026,Birdsong Peanuts- Aberdeen,MS Partnership,RR-MS- 2025-0014,424590 – Other Farm Product Raw Material Merchant Wholesaler,Layoff,7,6/30/2026,Non-WARN- Due to reduction in business activity.,,,,,,,,,,,Prairie,Monroe,"['2/13/2026', 'Birdsong \nPeanuts- \nAberdeen', 'Prairie', 'Monroe', 'MS \nPartnership', 'RR-MS- \n2025-0014', '424590 – Other \nFarm Product \nRaw Material \nMerchant \nWholesaler', 'Layoff', '7', '6/30/2026', 'Non-WARN- \nDue to \nreduction in \nbusiness \nactivity.']",99.34,warn-py2025-qtr-3-jan-mar-2026.pdf,1,1,11
3/1/2026,New Way Trucks,MS Partnership,RR-MS- 2025-0015,336211- Motor Vehicle Body Manufacturing,Layoff,86,5/30/2026,Non-WARN - Due to decreased workload.,,,,,,,,,,,Booneville,Prentiss,"['3/1/2026', 'New Way \nTrucks', 'Booneville', 'Prentiss', 'MS \nPartnership', 'RR-MS-\n2025-0015', '336211- Motor \nVehicle Body \nManufacturing', 'Layoff', '86', '5/30/2026', 'Non-WARN -\nDue to \ndecreased \nworkload.']",99.2,warn-py2025-qtr-3-jan-mar-2026.pdf,2,1,11
03/31/2026,Amplify Cell Technologies,MS Partnership,RR-MS- 2025-0016,"335912- Lithium Batteries, Primary Manufacturing",Layoff,73,05/30/2026 WARN –,Due to changing environments,,,,,,,,,,,Byhalia,Marshall,"['03/31/2026', 'Amplify Cell \nTechnologies', 'Byhalia', 'Marshall', 'MS \nPartnership', 'RR-MS-\n2025-0016', '335912- \nLithium \nBatteries, \nPrimary \nManufacturing', 'Layoff', '73', '05/30/2026  WARN –', 'Due to \nchanging \nenvironments']",99.2,warn-py2025-qtr-3-jan-mar-2026.pdf,2,1,11
