notes,temporary_job_losses,notice_date,naics,location,phone,dropdown,company,furloughs,begin_date,jobs,occupations,reason,at_the_location,reduced_hours,letter,email,workforce_region,end_date,workforce_area,contact,permanent_job_losses,received_date,fein
,0,1/8/25,"62, 1330: Offices of Mental Health Practioners (Except Physicians)",,,,West Pines Behavioral Health,0,3/31/25,132,Various (See WARN) Appendix A,Closure / Acadia,,0,West Pines Behavioral Health,,,3/31/25,Jefferson,,132,1/8/25,
,0,1/8/24,Sector 51: Information,,,,Dish Network LLC,0,3/8/24,157,Multiple (See WARN),Not stated,,0,Dish Network,,,3/8/24,Arapahoe/Douglas,,157,1/8/24,
,0,1/11/24,"Sector  54: Professional, Scientifc, & Technical Srvs",,,,Lost Boys Interactive LLC,0,3/15/24,4,Multiple (See WARN),Not stated,,0,Lost Boys Interactive,,,3/15/24,"Multiple (Larimer, Jeffco, Adams)",,4,1/13/24,
,0,1/18/24,Sector 23: Construction,,,,ABM Industry Group,0,3/18/24,94,Multiple (See WARN),Loss of contract w/Amazon,,0,ABM Industry Group,,,3/18/24,Adams,,94,1/18/24,
,0,1/19/24,Sector 51: Information,,,,Dish Network LLC,0,3/19/24,9,Multiple (See WARN),Reduction in Force,,0,Dish Network 1-19-2024,,,3/19/24,Arapahoe/Douglas,,9,1/19/24,
,0,1/4/24,Sector 62: Health Care and Social Assistance,,,,Flatirons Health and Rehabilitation (Axiom Healthcare Services).,0,3/4/24,124,Multiple (See WARN),Facility closure,,0,Flatirons Health & Rehab (Axiom Healthcare),,,3/4/24,Boulder,,124,1/25/24,
,0,1/30/24,"Sector: 56,2910: Remediation Services",,,,Amentum,0,3/1/24,45,Multiple (See WARN),Closure-Completion of PCAPP Milestones,,0,Amentum,,,3/31/24,Pueblo,,45,1/30/24,
,0,1/30/24,Sector: 31-33 Manufacturing,,,,IMI Norgren LLC,0,4/1/24,60,Unknown,Site Consolidation and Office Relocation,,0,IMI Norgren LLC,,,6/30/24,Arapahoe/Douglas,,60,1/30/24,
,0,1/30/24,Sector 51: Information,,,,Block Inc.,0,3/30/24,13,Unknown,Not Stated,,0,Block Inc,,,3/30/24,Unknown (Remote Workers),,13,1/30/21,
,0,1/31/24,Sector 52: Finance and Insurance,,,,BillGO Inc.,0,3/31/24,80,Multiple (See WARN),Change in current business opportunities,,0,BillGO Inc.,,,3/31/24,Larimer,,80,1/31/24,
,0,1/31/24,Sector 81--Other Services--81293 Parking Lots and Garages,,,,SP+ Corporation,0,1/31/24,56,Multiple (See WARN),Not Stated,,0,SP+ Corporation,,,1/31/24,Denver,,56,1/31/24,
,0,2/20/24,Sector 51: Information,,,,Dish Network LLC,0,4/20/24,53,Multiple (See WARN),Reduction in Force,,0,Dish Network 2-20-2024,,,4/20/24,Arapahoe/Douglas,,53,2/20/24,
,0,2/22/24,Sector 33: Manufacturing,,,,Daifuku Services America Corporation (formerly Elite Line Services) -Thornton,0,4/22/24,75,Multiple (See WARN),Loss of contract,,0,Daifuku Services-Thornton,,,5/6/24,Adams,,75,2/22/24,
,0,2/22/24,Sector 33: Manufacturing,,,,Daifuku Services America Corporation -Colo Springs,0,4/22/24,89,Multiple (See WARN),Loss of contract,,0,Daifuku Services-Colo Springs,,,5/6/24,Pikes Peak-Colo Springs,,89,2/22/24,
,0,2/22/24,Sector 33: Manufacturing,,,,Daifuku Services America Corporation -Aurora,0,4/22/24,32,Multiple (See WARN),Loss of contract,,0,Daifuku Services-Aurora,,,5/6/24,Arapahoe/Douglas,,32,2/22/24,
,0,2/26/24,Sector 33: Manufacturing,,,,Carestream Health Inc.,0,4/26/24,210,Multiple (See WARN),Facility closure,,0,Carestream Health Inc,,,5/10/24,Weld,,210,2/26/24,
,0,2/27/24,Sector 56: Waste Management and Remediation Services,,,,"Packers Sanitation Services, Inc.’s (PSSI)",0,4/18/24,175,Unknown,Loss of contract,,0,"Packers Sanitation Services, Inc",,,4/18/24,Weld,,175,2/27/24,
,0,3/12/24,Sector 51: Information,,,,Dish Network LLC,0,5/11/24,5,Multiple (See WARN),Reduction in Force,,0,Dish Network LLC,,,5/11/24,Arapahoe/Douglas,,5,3/12/24,
,0,3/20/24,Sector 33: Manufacturing,,,,Carestream Health Inc. - Update,0,5/24/24,19,See WARN Exhibit A,Reduction in Force,,0,Carestream Health Update,,,5/24/24,Weld,,19,3/21/24,
,0,2/23/24,Sector 48: Transportation and Warehousing,,,,CommuteAir,0,5/23/24,40,See WARN,Reduction in Force,,0,CommuteAir,,,5/23/24,Denver,,40,3/20/24,
,0,3/21/24,Sector 33: Manufacturing,,,,Bionano Genomics Inc.,0,5/24/24,76,See WARN,Reduction in Force,,0,Bionano Genomics Inc.,,,5/24/24,San Diego (remote CO Workers),,76,3/22/24,
,0,3/11/24,Sector 62: Healthcare and Social Assistance,,,,Developmental Disabilities Resource Center,0,6/30/24,46,See WARN,Reduction in Force,,0,DDRC,,,6/30/24,Jefferson,,46,3/28/24,
,0,3/27/24,Sector 72: Accommodation & Food Services,,,,Atrium Hospitality LP/Denver Crowne Plaza,0,5/31/24,56,See WARN,Closure,,0,Atrium Hospitality LP/Denver Crowne Plaza,,,5/31/24,Denver,,56,3/27/24,
,0,3/29/24,Sector 33: Manufacturing,,,,Volta/Volta Charging Industries,0,5/31/24,1,See WARN (Various Positions),Closure,,0,Volta/Volta Charging Industries,,,5/31/24,Not Stated,,1,4/3/24,
,0,4/3/24,Sector  55: Management of Companies & Enterprises,,,,HealthHelp (a WNS Company),0,6/2/24,1,Various (See WARN),Reduction in Force,,0,HealthHelp,,,8/2/24,Arapahoe/Douglas,,1,4/9/24,
,0,4/9/24,"Sector: 56,  561611 Investigation Personal Background Check Services.",,,,Checkr,0,6/10/24,92,Various (See WARN),Reduction in Force,,0,Checkr,,,6/10/24,Denver,,92,4/9/24,
,0,4/17/24,Sector 48: Transportation and Warehousing,,,,Wheels Up Partners LLC,0,6/16/24,65,Various (See WARN),Closure (Cease Operations),,0,Wheels Up Partners LLC,,,6/16/24,Rural Consortium (Broomfield),,65,4/17/24,
,0,4/25/24,Sector 33: Manufacturing,,,,Carestream Health,0,6/28/24,25,Varous (See WARN),Reduction in Force,,0,Carestream Health,,,6/28/24,Weld,,25,4/25/24,
,0,4/30/24,Sector 61: Educational Services,,,,University of Denver,0,6/30/24,118,Custodian positions,Contract with Sodexo,,0,University of Denver,,,6/30/24,Denver,,118,4/30/24,
,0,5/1/24,"Sector 54: Professional, Scientific & Technical Services",,,,Radial,0,6/28/24,84,See WARN.,Selling Customer Care Unit,,0,Radial,,,6/28/24,Remote Workforce,,84,5/1/24,
,0,5/1/24,Sector 62: Healthccare & Social Assistance,,,,Rocky Mountain Crisis Partners,0,6/30/24,330,All positions/ job titles not specified,Loss of state funding,,0,Rocky Mountain Crisis Partners,,,6/30/24,Denver,,330,5/1/24,
,0,5/2/24,Sector 52: Finance and Insurance,,,,Newrez LLC,0,7/1/24,103,See WARN.,Reduction in Force,,0,NewRez LLC,,,7/1/24,Arapahoe/Douglas,,103,5/2/24,
,0,5/13/24,Sector 45: Retail Trade,,,,Walmart Store #6178,0,6/7/24,141,Associates,Closure,,0,Walmart #6178,,,6/7/24,Arapahoe/Douglas,,141,5/13/24,
,0,5/15/24,"Sector 32, 3254 - Pharmaceutical and Medicine Manufacturing.",,,,Pfizer Research,0,7/15/24,Not specified,Not specified,Reduction in Force,,0,Pfizer,,,8/24/2024,Boulder,,Not specified,5/15/24,
,0,5/21/24,"Sector: 56,2910: Remediation Services",,,,Amentum,0,7/1/24,11,See WARN,Closure (end of Milestone 7),,0,Amentum,,,7/31/24,Pueblo,,11,5/21/24,
,0,5/21/24,Sector 33: Manufacturing,,,,Carestream (Update),0,7/22/24,18,See WARN.,Reduction in Force,,0,Carestream,,,8/5/24,Weld,,18,5/21/24,
,6,5/31/24,Sector 62: Healthcare & Social Assistance,,,,Mindspring,0,5/31/24,71,See WARN.,Reduction in Force,,0,Mindspring,,,6/3/24,Mesa,,65,5/31/24,
,0,6/4/24,Sector 62: Healthcare & Social Assistance,,,,Mindspring (Update),0,6/4/24,49,See WARN. Updated from 65 to 49,Reduction in Force,,0,See note below.,,,6/4/24,Mesa,,49,6/4/24,
,0,6/3/24,Sector 52: Finance and Insurance,,,,NewRez LLC,0,8/2/24,317,See WARN.,Reduction in Force,,0,NewRez LLC CORRECTION,,,8/2/24,Arapahoe/Douglas,,317,6/3/24,
,47,6/14/24,"Sector 71: Arts, Entertainment & Recreation, (713920 Ski Facility)",,,,TSG Ski & Golf,13,6/14/24,63,"Bartenders, cooks, dishwashers, supervisor",Reduction in Force,,0,TSG Ski & Golf,,,12/1/24,Rural Southwest,,3,6/14/24,
,0,6/18/24,Sector 62: Healthcare and Social Assistance,,,,Saint Paul Health Center,0,9/1/24,131,Various. See WARN.,End of Contract,,0,Saint Paul Health Ctr-Colvaria Hospitality Mgmt,,,9/1/24,Denver,,131,6/18/24,
,0,6/18/24,Sector 52: Finance and Insurance,,,,Wells Fargo,0,8/1/24,80,Employees notified verbally. Specific job titles available in August when layoff letters go out.,Reduction in Force,,0,Wells Fargo,,,12/21/24,Denver,,80,6/18/24,
,0,6/27/24,Sector 52: Finance and Insurance,,,,Newrez LLC,0,8/26/24,187,See WARN.,Reduction in Force,,0,NewRez LLC Update,,,8/26/24,Arapahoe/Douglas,,187,6/27/24,
,0,7/8/24,Sector 56:  Administrative and Support and Waste Management and Remediation Services,,,,Sodexo - St. Francis Interquest,0,8/4/24,7,Various (See WARN),Closure (Cease Operations),,0,Sodexo-St Francis Interquest,,,8/4/24,Pikes Peak,,7,7/8/24,
,0,7/8/24,Sector 56:  Administrative and Support and Waste Management and Remediation Services,,,,Sodexo - St. Francis Medical Center,0,8/4/24,48,Various (See WARN),Closure (Cease Operations),,0,Sodexo-St Francis Medical Center,,,8/4/24,Pikes Peak,,48,7/8/24,
,0,7/8/24,Sector 56:  Administrative and Support and Waste Management and Remediation Services,,,,Sodexo - Penrose Hospital,0,8/4/24,52,Various (See WARN),Closure (Cease Operations),,0,Sodexo-Penrose Hospital,,,8/4/24,Pikes Peak,,52,7/8/24,
,0,7/16/24,"Sector 54: Professional, Scientific & Technical Services",,,,LogRhythm,0,9/9/24,80,Not disclosed,Reduction in Force (Cease Operations of Axon Operating Unit),,0,LogRhythm,,,9/14/24,RC: Broomfield,,80,7/17/24,
,0,7/17/24,Sector 33: Manufacturing,,,,Carestream Health,0,9/16/24,21,Various (See WARN),Reduction in Force,,0,Carestream Health,,,9/16/24,Weld,,21,7/17/24,
,0,7/29/24,"Sector 56,2910: Remediation Services",,,,Amentum,0,9/30/24,72,Various,Closure (upon completion of project),,0,Amentum,,,9/30/24,Pueblo,,72,7/29/24,
,0,7/30/24,"Sector 54: Professional, Scientific & Technical Services",,,,Radial,0,9/30/24,79,Various,Closure,,0,Radial,,,9/30/24,Remote locations in CO,,79,7/30/24,
,0,8/1/24,"Sector 81, 2930: Parking Lots and Garages",,,,TPS Parking Mgmt,0,9/30/24,79,"Drivers, Parking Attendants, Greeters, Dispatchers",Mass Layoff,,0,TPS Parking Mgmt,,,9/30/24,Adams,,85,7/31/24,
,0,8/8/24,"Sector 44,4130: Hardware Stores",,,,True Value,0,9/6/24,49,Merchandise Handlers,Change in Business,,0,True Value,,,11/1/24,Denver,,49,8/8/24,
,0,8/19/24,Sector 62: Healthcare and Social Assistance,,,,Casey's Pond,0,10/18/24,63,Not specified,Sale of Business,,0,Caseys Pond,,,11/30/24,RC: Rural Resort,,63,8/20/24,
,0,8/20/24,"Sector 52,2110 Commercial Banking",,,,Wells Fargo,0,11/20/24,70,Not specified,Not specified,,0,Wells Fargo,,,12/31/24,Arapahoe Douglas,,70,8/20/24,
,0,8/30/24,"Sector 54,541: Professional, Scientific, and Technical Services​​ Industries",,,,ImmunityBio Inc.,0,10/29/24,5,See WARN,See WARN.,,0,ImmunityBio Inc,,,10/29/24,Boulder,,25,8/30/24,
,0,9/6/24,"Sector 54,541: Professional, Scientific, and Technical Services​​ Industries",,,,Lost Boys Interactive LLC,0,9/9/24,3,See WARN,See WARN.,,0,Lost Boys Interactive,,,9/9/24,RC: Boulder & Larimer,,3,9/9/24,
,0,9/13/24,"Sector 72,2319: Food Service Contractors",,,,Sodexo Service West (SDH),0,11/9/24,55,See WARN,See WARN.,,0,Sodexo Service West,,,11/9/24,Adams,,55,9/13/24,
,0,9/18/24,Sector 541714: Research and Development in Biotechnology,,,,"AGC Biologics, Inc.",0,11/22/24,85,Various (See WARN),Restructure and Partial Closure-See WARN,,0,"AGC Biologics, Inc.",,,11/22/24,Boulder,,85,9/18/24,
,0,9/26/24,Sector 31-33: Manufacturing,,,,Sinton Dairy Foods Company,0,12/30/26,64,Various (See WARN),Closure,,0,Sinton Dairy Foods Company,,,12/30/26,Colo Springs,,64,9/26/24,
,0,9/30/24,Sector 54-1720: Research & Development in Social Sciences/Humanities,,,,Kaleo Inc.,0,11/30/24,1,See WARN,Medical Sales Specialist,,0,Kaleo Inc.,,,11/30/24,Remote location in CO,,1,9/30/24,
,0,10/29/24,"Sector 21,2230 - Copper, Nickel, Lead, and Zinc Mining",,,,Thiess,0,11/28/24,112,Predominately Heavy equipment operators,Closure,,0,Thiess,,,12/28/24,Rural Consortium,,112,10/29/24,
,0,11/4/24,"Sector: 56,2910: Remediation Services",,,,Chord Energy,0,11/4/24,313,Various (See WARN),Discontinuing Operations,,0,Chord Energy,,,5/23/25,Denver,,313,11/4/24,
,0,11/14/24,Sector:  492110: Couriers & Express Delivery Services,,,,UPS,0,1/15/25,404,Not specified,"Partial, Temporary Closure",,0,UPS,,,1/15/25,Adams,,404,11/14/24,
,0,11/15/24,"Sector 33,6411: Aircraft Manufacturing",,,,Boeing,0,1/17/25,63,Not specified,Not disclosed,,0,Boeing,,,1/17/25,"Arapahoe, Denver, El Paso",,62,11/15/24,
,0,12/2/24,Sector 23: Construction,,,,Brown Brothers Resources Holding,0,12/6/24,121,Various,Closure,,0,Brown Brothers Resources Holdings 12-2-24.pdf,,,12/31/24,Adams,,121,12/2/24,
,0,12/2/24,"Sector 42,4480: Fresh Fruit  Vegetable Merchant",,,,Russ Davis Wholesale,0,1/31/25,109,Various,Closure,,0,Russ Davis Wholesale,,,2/1/25,Pueblo,,109,12/2/24,
,0,12/10/24,"Sector 31,314: Broadwoven Fabric Mills",,,,Natural Fiber Welding,0,2/8/25,1,Sr. Program Manager,Unforseen business circumstance,,0,Natural Fiber Welding,,,2/8/25,Denver,,1,12/10/24,
,0,12/20/24,Sector 52: Finance and Insurance,,,,GetInsured,0,2/19/25,1,Customer Service Representative I,Not specified,,0,GetInsured,,,2/19/25,Arapahoe,,1,12/20/24,
,0,1/3/23,Sector 23: Construction,,,,Wanzek Construction,0,1/3/23,Unknown,Various construction positions,Sudden Contract Loss,,0,Wanzek Construction,,,1/3/23,Pueblo,,666,1/3/23,
,0,1/9/23,Sector 31: Manufacturing,,,,Gymshark,0,3/10/23,67,Not Stated,Ceasing Operations in some areas of the company,,0,Gymshark,,,3/24/23,Denver,,67,1/16/23,
,0,1/11/23,Sector 42: Wholesale Trade,,,,Specialized Bicycle Components,0,1/13/23,15,"Software developer, Acct Mgr, e-commerce, mktg, pgm mgr",Downsizing,,0,Specialized Bicycle Components,,,1/13/23,Boulder,,15,1/1123,
,0,1/25/23,Sector 22: Natural Gas Distribution,,,,DCP Midstream,0,3/31/23,136,Not Stated,Not Stated,,0,DCP Midstream,,,4/1/24,Denver,,136,1/31/23,
,0,1/26/23,Sector 32: Manufacturing,,,,Curaleaf,0,3/26/23,47,Various (see WARN letter),RIF/Change in Business,,0,Curaleaf,,,3/26/23,Pueblo,,47,1/31/23,
,0,2/1/23,Sector  541490: Other Specialized Design Services,,,,Pinnacle Architectural Lighting Inc.,0,6/30/23,151,Electrical Assemblers & Varous,Restructuring & Reorganization,,0,Pinnacle Architectural Lighting,,,3/1/24,Denver,,151,2/1/23,
,0,2/9/23,Sector 1: 314910: Textile Bag and Canvas Mills,,,,Covercraft Industries LLC,0,4/14/23,49,Not Stated,Closure,,0,Covercraft Industries,,,4/14/23,Arapahoe/Douglas,,49,2/14/23,
,0,2/15/23,"Sector 51,5182: Data Processing Hosting & Related Services",,,,WIX.com,0,2/15/23,62,See WARN,Unforseen Business Circumstances,,0,WiX 2-15-23,,,2/15/23,Denver,,62,2/15/23,
,0,2/16/23,Sector 51: Information,,,,Chipper Cash,0,02/17/23,5,See WARN,Not Stated,,0,Chipper Cash,,,2/17/23,Various,,5,2/16/23,
,,2/27/23,"Sector:45,451 : Sporting Goods",,,,Aspen Sports Hyatt Retail Store,,,4,,,,,SSI Venture-Aspen Sports,,,,,,,3/2/23,
,,2/27/23,"Sector:45,451 : Sporting Goods",,,,Aspen Sports Snowmass Mall,,,13,,,,,SSI Venture-Aspen Sports,,,,,,,3/2/23,
,,2/27/23,"Sector:45,451 : Sporting Goods",,,,Aspen Sports St. Regis Retail,,,9,,,,,SSI Venture-Aspen Sports,,,,,,,3/2/23,
,,2/27/23,"Sector:45,451 : Sporting Goods",,,,Aspen Sports Viewline Retail,,,4,,,,,SSI Venture-Aspen Sports,,,,,,,3/2/23,
,,2/27/23,"Sector:45,451 : Sporting Goods",,,,Aspen Sports Snowmass Retail Store,,,3,,,,,SSI Venture-Aspen Sports,,,,,,,3/2/23,
,,2/27/23,"Sector:45,451 : Sporting Goods",,,,Aspen Sports Demo,,,5,,,,,SSI Venture-Aspen Sports,,,,,,,3/2/23,
,,2/27/23,"Sector:45,451 : Sporting Goods",,,,Aspen Sports Tune - Snowmass,,,6,,,,,SSI Venture-Aspen Sports,,,,,,,3/2/23,
,,2/27/23,"Sector:45,451 : Sporting Goods",,,,Aspen Sports Valet - Snowmass,,,3,,,,,SSI Venture-Aspen Sports,,,,,,,3/2/23,
,,2/27/23,"Sector:45,451 : Sporting Goods",,,,Burton Telluride Retail,,,5,,,,,SSI Venture-Aspen Sports,,,,,,,3/2/23,
,,2/27/23,"Sector:45,451 : Sporting Goods",,,,Neve Sports - Telluride,,,10,,,,,SSI Venture-Aspen Sports,,,,,,,3/2/23,
,,2/27/23,"Sector:45,451 : Sporting Goods",,,,Patagonia Snowmass,,,7,,,,,SSI Venture-Aspen Sports,,,,,,,3/2/23,
,,2/27/23,"Sector:45,451 : Sporting Goods",,,,Telluride Sports Camel's Garden,,,8,,,,,SSI Venture-Aspen Sports,,,,,,,3/2/23,
,,2/27/23,"Sector:45,451 : Sporting Goods",,,,Telluride Sports - Cimarron Lodge,,,10,,,,,SSI Venture-Aspen Sports,,,,,,,3/2/23,
,,2/27/23,"Sector:45,451 : Sporting Goods",,,,Telluride Sports - Franz Klammer,,,14,,,,,SSI Venture-Aspen Sports,,,,,,,3/2/23,
,,2/27/23,"Sector:45,451 : Sporting Goods",,,,Telluride Sports - Gondola Plaza,,,10,,,,,SSI Venture-Aspen Sports,,,,,,,3/2/23,
,,2/27/23,"Sector:45,451 : Sporting Goods",,,,Telluride Sports Main Street,,,16,,,,,SSI Venture-Aspen Sports,,,,,,,3/2/23,
,,2/27/23,"Sector:45,451 : Sporting Goods",,,,Telluride Sports - The Peaks,,,4,,,,,SSI Venture-Aspen Sports,,,,,,,3/2/23,
,,2/27/23,"Sector:45,451 : Sporting Goods",,,,The North Face - Snowmass,,,6,,,,,SSI Venture-Aspen Sports,,,,,,,3/2/23,
,,2/27/23,"Sector:45,451 : Sporting Goods",,,,The North Face - Telluride Retail,,,4,,,,,SSI Venture-Aspen Sports,,,,,,,3/2/23,
,0,3/1/23,"Sector 52,411: Direct Life, Health & Med Insurance",,,,Friday Health Plans,0,4/30/23,98,Various: See WARN,Reduction in Business,,0,Friday Health Plans,,,4/30/23,Rural Consortium (Alamosa) & Denver,,98,3/1/23,
,0,3/24/23,Sector:55 Management of Companies & Enterprises,,,,Aspiration Partners Inc.,0,5/26/2023,4,Various (See WARN),Restructing and streamlining,,0,Aspiration,,,6/1/23,"Denver, Broomfield",,4 (of 178),3/24/23,
,0,3/30/23,Sector 53: Real Estate and Rental & Leasing,,,,Laramar Group LLC,0,P1: 6/1/23 P2: 7/14/23,76,Various (See WARN),Not stated,,0,Laramar Group LLC,,,P1: 6/15/23 & P2: 7/28/23,"Denver, Broomfield",,76,3/30/23,
,0,3/31/23,Sector 33: Manufacturing,,,,Prescient LLC,0,3/31/2023,50,Not Stated,Mass layoff,,0,Prescient LLC,,,12/31/23,Jefferson,,50,4/2/23,
,0,4/14/23,Sector 44: Retail Trade,,,,David's Bridal,0,Multi Phase (See WARN),138,Various (See WARN),Bankrupcy,,0,David's Bridal,,,Multi phase (See WARN),Multi area,,138,4/14/23,
,0,4/27/23,Sector 48: Transportation & Warehousing,,,,MV Transportation,0,6/30/23,198,"Drivers, Dispatchers, Admin, Utility Worker",Not specified,,0,MV Transportation,,,6/30/23,Denver,,198,4/28/23,
,0,5/1/23,Sector 48: Transporation and Warehousing,,,,Via Mobility Services,0,7/1/2023,120,"Administrative support, operatives,  & service workers.",Loss of Contract,,0,Via Mobility Services,,,7/1/23,Denver,,120,5/22/23,
,0,5/24/23,Sector 44: Retail Trade,,,,Davids Bridal (Update),0,6/23/23,138,Various (See WARN),Bankrupcy,,0,Davids Bridal Update,,,6/30/23,Multi area,,138,5/24/23,
,0,5/26/23,"Sector: 56,2910: Remediation Services",,,,Amentum,0,7/27/2023,19,"Engineers, Maintenace Planners/Supervisors, Technicans*",Closure (Phase 1),,0,Amentum,,,7/28/2023,Pueblo,,19,5/26/23,
,0,5/30/23,Sector 72: Accommodation & Food Services,,,,Hard Rock Cafe International STD,0,7/29/2023,54,Restaurant workers,Closure,,0,Hard Rock Cafe,,,7/29/23,Denver,,54,5/30/23,
,0,6/12/23,Sector 44: Retail Trade,,,,Davids Bridal (Update),0,8/20/2023,138,Not disclosed,Bankrupcy,,0,Davids Bridal Update,,,9/2/2023,Multi Area,,138,6/12/23,
,0,6/13/23,Sector 2022: Publishing,,,,Gannett (Pueblo Chieftian),0,8/14/2023,50,Production positions (see WARN),Closure of production & distribution operations,,0,Gannett Pueblo Chieftain,,,8/14/23,Pueblo,,50,6/13/23,
,0,6/14/23,"Sector 54: Professional, Scientific, & Technical Services",,,,Bitwise Industries,0,8/14/2023,13,Multiple (See WARN),Mass layoff,,0,Bitwise Industries,,,8/14/23,Multi Area,,13,6/14/23,
,0,6/19/23,"Sector 52, 411 Direct Life Health & Medical Insurance",,,,Friday Health Plans Update (6-19-23),0,6/23/2023,323,Rural Consortium and Denver,Mass Layoff,,0,Friday Health Plans Update 6-19-23,,,7/6/23,"Rural Consortium, Denver",,323,6/19/23,
,0,6/20/23,"Sector 62,1600: Home Healthcare Services",,,,Autism Home Support Services (Greeley),0,8/21/2023,70,Multiple (See WARN),Mass Layoff,,0,Autism Home Support Srvs Greeley,,,9/19/23,Weld,,70,6/20/23,
,0,6/20/23,"Sector 62,1600: Home Healthcare Services",,,,Autism Home Support Services (Westminster),0,8/21/2023,68,Multiple (See WARN),Mass Layoff,,0,Autism Home Support Svs Westminster,,,9/19/23,Adams,,68,6/20/23,
,0,6/20/23,"Sector: 62,1600 Home Healthcare Services",,,,Autism Home Support Services (Centennial),0,8/21/2023,101,Multiple (See WARN),Mass Layoff,,0,Autism Home Support Services Centennial,,,9/19/21,ADWorks,,101,6/20/23,
,0,6/29/23,Sector 44: Retail Trade,,,,Davids Bridal Update 6-29-23,0,7/17/2023,0,Bankrupcy,Mass Layoff,,0,Davids Bridal Update 6-29-23,,,7/31/23,Multi-Area,,138,6/29/23,
,0,6/30/23,Sector 62: Health Care and Social Assistance,,,,CDI HS (Community Development Institute Head Start),0,8/31/2023,120,Rural Consortium,Mass Layoff,,0,Community Development Institute Head Start,,,8/31/33,"Rural Consortium, Denver",,120,6/30/23,
,0,7/3/23,"Sector: 56,2910: Remediation Services",,,,Amentum,0,8/31/2023,27,Multiple (See WARN),Reduction in Force (End Project),,0,Amentum,,,8/31/23,Rural Consortium  (Pueblo),,27,7/3/23,
,0,7/11/23,"Sector 52,2110: Commercial Banking",,,,Bank of the West,0,9/15/2023,56,Not specified in WARN,Reduction in Force (End Project),,0,Bank of the West,,,9/15/23,Adams,,56,7/11/23,
,0,7/20/23,Sector: 62: Healthcare and Social Assistance,,,,Namasté Alzheimer Center,0,10/1/2023,64,Medical Professionals (see WARN),Closure,,0,Namaste Alzheimer Center,,,10/1/23,Pikes Peak,,64,7/20/23,
,0,7/24/23,"Sector 42,2450: Medical, Dental, Hospital & Supplies Merchant Wholesaler",,,,DePuy Spine Limited Partnership (Johnson & Johnson),0,9/22/2023,15,"Materials Handling, Inspector, Operators","Reduction in Force Ending manufacuring, quality & distribution",,0,DePuy Spine Limited Partnership,,,10/5/2023,Pikes Peak,,15,7/24/23,
,0,7/28/23,"Sector 32: Manufacturing; 32,6121 Unlaminated Plastics Profile Shape Manufacturing",,,,Novembal,0,9/30/2023,Not Specified,Unknown,Closure,,0,Novembal,,,1/31/24,Unknown (possibly rural & remote),,Unknown,7/28/23,
,0,7/30/23,"Sector 48,4121: General Freight Trucking Long Distance Truckload",,,,Yellow Corporation & Operating Affiliates,0,7/30/2023,331,Not specified in WARN,Closure,,0,Yellow Corporation,,,7/30/23,Unknown,,"22,000*",8/1/23,
,0,7/30/23,"Sector 48,4121: General Freight Trucking Long Distance Truckload",,,,YRC Inc dba YRC Freight,0,7/30/23,Not Specified,,,,0,Yellow Corporation,,,,Unknown,,*,8/1/23,
,0,7/30/23,"Sector 48,4121: General Freight Trucking Long Distance Truckload",,,,USF Holland,0,7/30/23,Not Specified,,,,0,Yellow Corporation,,,,Unknown,,*,8/1/23,
,0,7/30/23,"Sector 48,4121: General Freight Trucking Long Distance Truckload",,,,New Penn Motor Express LLC,0,7/30/23,Not Specified,,,,0,Yellow Corporation,,,,Unknown,,*,8/1/23,
,0,7/30/23,"Sector 48,4121: General Freight Trucking Long Distance Truckload",,,,"USF Reddaway, Inc.",0,7/30/23,Not Specified,,,,0,Yellow Corporation,,,,Unknown,,*,8/1/23,
,0,8/2/23,"Sector 42: Wholesale Trade, 42,4490 Merchant Wholesaler, Non Durable Goods",,,,"KeHe Distributors, Inc.",0,11/3/2023,24,Not disclosed,Contract loss,,0,KeHE,,,11/3/23,Arapahoe/Douglas,,24,8/2/23,
,0,8/7/23,"Sector 42,2450: Medical, Dental, Hospital & Supplies Merchant Wholesaler",,,,DePuy Spine Limited Partnership (Johnson & Johnson),0,10/6/2023,10,Material Handling Distribution Operators 2&3,Mass Layoff,,0,DePuy Spine Limited Partnership,,,10/19/23,Arapahoe/Douglas,,10,8/7/23,
,0,8/7/23,Sector 33: Manufacturing,,,,Astra Space Operations,0,8/4/2023,61,See WARN for details.,RIF,,0,Astra Space Ops,,,8/4/23,Unknown,,61,8/7/23,
,0,8/9/23,Sector 49: Transportation and Warehousing,,,,Federal Express - Colorado Springs,0,11/3/2023,94,"Couriers, Service Agents, Handlers and Operations Leads",Closure,,0,Federal Express,,,11/3/23,Pikes Peak,,94,8/9/23,
,0,8/10/23,Sector 49: Transportation and Warehousing,,,,Federal Express  - Pueblo,0,11/3/2023,53,See WARN for details,Closure,,0,Federal Express,,,11/3/23,Pueblo,,53,8/10/23,
,0,8/11/23,"Sector: 56,2910: Remediation Services",,,,Amentum,0,10/12/2023,14,See WARN for details,Closure (completion of milestone),,0,Amentum,,,10/12/23,Pueblo,,14,8/11/23,
-,0,8/18/23,Sector 45: Retail Trade,,,,Ouray Sportsware - L2 Brands,0,10/17/2023,154,See WARN for details.,Closure,,0,Ouray Sportsware,,,12/31/23,Arapahoe/Douglas,,2,8/18/23,
,0,8/18/23,"Sector 54: Professional, Scientific, & Technical Services",,,,Immunity Bio Inc.,0,10/17/2023,unknown,See WARN for details. (Note updated CO specifc # is 11 employees impacted).,Streamline Operations,,0,Immunity Bio Inc.,,,10/17/23,Unknown,,59,8/18/23,
Max * (most all will be offered jobs),0,8/25/23,"Sector 32,4110: Petroleum Refineries",,,,Chevron USA,0,10/31/2023,,Not specified,Restructuring following acquisition,,0,Chevron,,,10/31/23,"Denver, Weld",,Unknown,8/25/23,
,0,8/29/23,Sector: 562212 - Solid Waste Landfill,,,,Packers Sanitation Services (PSSI),0,10/26/2023,110,Not specified,Contract ending,,0,PSSI,,,10/26/23,Rural Consortium,,110,8/29/23,
-,0,8/29/23,Sector 33: Manufacturing/Pharmaceuticals,,,,Aktiv Phama,0,8/25/23,70,,,,0,Aktiv Pharma,,,8/25/23,Larimer & Rural Consortium,,70,8/29/23,
-,0,8/31/23,Sector 33: Manufacturing,,,,Prescient LLC,0,8/31/23,60,Not specified,Closure,,0,Prescient,,,8/31/23,Jefferson,,60,8/31/23,
,0,9/5/23,Sector 44: Retail Trade,,,,American Nursery Services,0,12/31/23,25,Not specified,Closure,,0,American Nursery Services,,,12/31/23,Unspecified,,25,9/12/23,
,0,9/7/23,Sector 52: Finance & Insurance,,,,Divvy Homes Inc.,0,11/7/23,,"Sales asset Mgmt, escrow and engineer positions",,,0,Divvy Homes Inc.,,,11/7/23,Unspecified,,10,9/8/23,
,0,9/15/23,"Sector: 56,2910: Remediation Services",,,,Amentum,0,11/17/23,31,"Operators, technicians, transporter coordinator, scheduler",Completion of Project Milestone 4,,0,Amentum,,,11/17/23,Pueblo,,21,9/15/23,
,0,9/29/23,Sector: 52: Finance & Insurance,,,,First Savings Bank,0,11/30/23,2,Mortgage Banking Outside Mortgate & Mortgage Banking Underwriter,Reduction in Force,,0,First Savings Bank,,,11/30/23,Remote workers,,2,9/29/23,
,,10/2/23,Sector 2022: Publishing,,,,Gannett (Pueblo Chieftian) - Update,,,Unknown,,,,,Gannett-Pueblo Chieftain Update,,,,Unknown,,Unknown,10/2/23,
,0,10/3/23,Sector 32: Manufacturing,,,,Pfizer,0,12/4/23,Unknown,Not stated,Reduction in Force,,0,Pfizer,,,12/4/23,Boulder,,Not Stated,10/3/23,
,0,10/9/23,561320/ Temporary Help Services,,,,SMX Cargo LLC,0,12/17/2023,84,,,,0,SMX Cargo LLC,,,12/17/2023,Denver,,84,10/11/23,
,0,10/25/23,"72,2330: Mobile Food Service",,,,Cygnus Home Service dba Yelloh,0,12/15/23,51,"Various including route sales people, material handlers, service operation",Closure,,0,Cygnus Home Services dba Yelloh,,,12/15/23,"Pikes Peak, Arapahoe/Douglas, Denver, Larimer",,51,10/25/23,
,0,10/30/23,"Sector 42,2450: Medical, Dental, Hospital & Supplies Merchant Wholesaler",,,,Depuy Spine LP (Johnson & Johnson),0,12/29/23,67,"Assembly/Packaging, Material Handling, Operations, Production, Warehouse",Closure,,0,DePuy Spine LP,,,1/11/23,Pikes Peak (El Paso),,5,10/30/23,
,0,11/8/23,Sector 517111: Wired Telecommunications Carriers,,,,Dish Network LLC,0,1/7/24,466,Various (See WARN),Reduction in Force,,0,Dish Network LLC,,,7/21/24,Arapahoe/Douglas,,466,11/8/23,
,0,11/9/23,Sector 517111: Wired Telecommunications Carriers,,,,Dish Network LLC Supplement,0,1/8/24,33,Various (See WARN),Reduction in Force,,0,Dish Network Supplement,,,7/22/23,Arapahoe/Douglas,,33,11/9/23,
,0,11/21/23,"Sector: 56,2910: Remediation Services",,,,Amentum,0,1/1/24,54,Various (See WARN),Completion of PCAPP Milestones,,0,Amentum,,,1/31/2024,Pueblo,,54,11/21/23,
,0,11/27/23,Sector: 334413 Semi Conductor & Related Device Manufacturing,,,,Broadcom / VM Ware,0,1/26/24,184,Not specified,Merger Related,,0,Broadcomm - VM Ware,,,1/26/24,Broomfield,,184,11/27/23,
,0,12/1/23,Sector 49: Transportation and Warehousing,,,,Matheson Flight Extenders Inc.,0,1/31/24,60,"Material Handlers, GSE Servicer, Station Manager, Supervisor",Closure,,0,Matheson Flight Extenders Inc,,,1/31/24,Denver,,60,12/1/23,
All employees hired by new owner,0,12/1/23,Sector  51: Information,,,,FSC Edge,0,12/1/23,1,Not specified,Closure,,0,FSC Edge,,,12/1/23,Broomfield,,1,12/1/23,
All employees hired by new owner,0,12/28/23,Sector 61: Educational Services,,,,Ascent Classical Academy of Douglas County,0,12/31/23,149,Not specified,Unforseen - Contracts ending,,0,Ascent Classical Academies,,,12/31/23,Arapahoe/Douglas,,149,12/28/23,
All employees hired by new owner,0,12/28/23,Sector 61: Educational Services,,,,Ascent Classical Academy of Northern Colorado,0,12/31/23,87,Not specified,Unforseen - Contracts ending,,0,Ascent Classical Academies,,,12/31/23,Larimer,,87,12/28/23,
All employees hired by new owner,0,12/28/23,Sector 61: Educational Services,,,,Ascent Classical Academy of Norther Denver,0,12/31/23,33,Not specified,Unforseen - Contracts ending,,0,Ascent Classical Academies,,,12/31/23,Adams,,33,12/28/23,
All employees hired by new owner,0,12/28/23,Sector 61: Educational Services,,,,Ascent Classical Academy of Grand Junction,0,12/31/23,37,Not specified,Unforseen - Contracts ending,,0,Ascent Classical Academies,,,12/31/23,Mesa,,37,12/28/23,
All employees hired by new owner,0,12/28/23,Sector 61: Educational Services,,,,Ascent Classical Academies of Corporate Office,0,12/31/23,7,Not specified,Unforseen - Contracts ending,,0,Ascent Classical Academies,,,12/31/23,Jefferson,,7,12/28/23,
,,,,,,,NOTE: 313 employees notified by Ascent Classical Academies were hired by the new vendor.,,,,,,,,,,,,,,,,
,0,3/11/21,Sector 42: Wholesale Trade,,,,DPI Specialty Foods,0,5/10/22,122,"Field Sales Reps, Merchandisers Vacation Relief Associates, Reset Specialist",Loss of Service Contract,,0,DPI Specialty Foods,,,5/10/22,Adams,,122,,
,0,12/30/21,Sector 72: Accomodation & Food Services,,,,513 Hotel Operating,0,12/31/21,160,Various,Sale of Company,,0,513 Hotel Operating,,,12/31/21,Pikes Peak/Teller,,160,,
,0,1/3/22,Sector 62: Healthcare & Social Assistance,,,,Good Samaritan - Bonell Community,0,3/5/22,143,Healthcare workers,Closure,,0,Good Samaritan,,,3/5/22,Weld,,143,,
,0,1-4-22,Sector 51: Information 519290 Web Search Portals & Other Info Services,,,,Twitter (Boulder),0,1/4/2023,87,"Various: First Mid line Mgrs (14), Professionals (70), Sales workers (1), Admin (2)",Not disclossed,,0,Twitter Boulder,,,1/4/23,Boulder,,87,,
,0,1-16-22,Sector 522310 : Mortgage and Nonmortgage Loan Brokers,,,,American Financing Company,0,11/18/2022,194,Not provided,Unforeseeable business circumstances,,0,American Financing,,,12/23/22,AdWorks,,194,,
,0,1/20/22,Sector 53: Real Estate Rental & Leasing,,,,Zillow Group - Supplemental,0,1/3/22,36,Not stated,Closure,,0,Zillow Group,,,3/21/22,ADWorks,,36,,
,0,2/17/22,Sector: 53: Real Estate Rental & Leasing,,,,Zillow Group - Supplemental,0,3/21/22,39,Not stated,Closure,,0,Zillow Group,,,4/18/22,ADWorks,,39,,
,0,2/18/22,Sector 62 Healthcare  & Social Services,,,,Ready Responders Inc.,0,2/1/22,1,Director Product Security,Not disclosed,,0,Ready Responders Inc.,,,2/16/22,Not Disclosed,,1,,
,Unknown,3-17-22,Sector 62: Healthcare & Social Assistance,,,,Watsonville Community Hospital,Unknown,5/16/22,Unknown,Not stated,Closure,,0,Watsonville Community Hospital,,,5/23/22,Rural Consortium (Salida),,Unknown,,
,0,3/21/22,Sector 53: Real Estate Rental & Leasing,,,,Zillow Group - Supplemental,0,1/2/22,44,Not stated,Closure,,0,Zillow Group,,,5/20/22,ADWorks,,44,,
,0,4/15/2022,Sector 62: Healthcare & Social Assistance,,,,Cripple Creek Care Center,0,3/3/2022,9,Health care professionals,Closure,,9,Cripple Creek,,,7/30/2022,Pikes Peak/Teller,,0,,
,95,5/2/22,"Sector: 11: Agriculture, forestry, fishing & hunting",,,,Sparboe Farms,0,05/04/22,95,Various (See WARN),Closure (Temporary),,0,Sparboe Farms,,,6/2/22,Weld,,0,,
,0,5/11/22,Sector 62: Healthcare & Social Assistance,,,,Watsonville Community Hospital (Update),0,7/14/22,658,Various (See WARN),Closure (Sale of Business),,0,Watsonville Community Hospital,,,7/21/22,Rural Consortium (Salida),,658,,
,0,6/1/2022,Sector 52: Finance and Insurance,,,,All Money Financial Group,0,9/26/2024,10,Not stated,COVID/Pandemic,,0,,,,9/26/22,Denver,,10,,
,6,6/13/22,Sector 22: Utilities,,,,Total Energy Solutions,0,6/13/2022,6,Not stated,Lost funding,,0,Total Energy Solutions,,,6/24/22,PikePeak/Teller,,0,,
,0,6/23/2022,Sector 62: Healthcare & Social Assistance,,,,"Integrated Health Services at Colorado Springs, Inc.",0,8/22/2022,144,Health care professionals,Closure,,0,Integrated Health,,,8/22/2022,Pikes Peak/Teller,,144,,
,0,6/23/22,Sector 62: Healthcare & Social Assistance,,,,Vivage,0,8/22/2022,144,"RN, LPN, C.N.A, Dining Aides, Activity Aides, Housekeepers, Laundry Aides, Central Supply, HR, Business Office Manager, AP Specialist",Closure,,0,Vivage,,,8/22/22,Pikes Peak/Teller,,144,,
,0,7/11/2022,Sector 62: Healthcare & Social Assistance,,,,Watsonville Community Hospital (Update),0,8/17/2022,673,Various (See WARN),Closure (Sale of Business),,0,Watsonville Community Hospital (Update),,,8/31/2022,Rural Consortium (Salida),,673,,
,0,7/12/22,Sector 56: Administrative and Support and Waste Management and Remediation Services,,,,HSS Inc.,0,9/1/2022,230,See WARN,Loss of Contract w/City of Denver,,0,HSS Inc.,,,9/30/22,Denver,,230,,
,0,8/1/22,Sector 561730: Landscaping,,,,Metco Landscaping (Arvada),0,7/28/22,60,See WARN,Unforseen Business Circumstance,,0,Metco Arvada,,,7/28/22,Jefferson,,60,,
,0,8/1/22,Sector 561730: Landscaping,,,,Metco Landscaping (Aurora HQ),0,7/28/22,165,See WARN,Unforseen Business Circumstance,,0,Metco Aurora HQ,,,7/28/22,ADWorks,,165,,
,0,8/1/22,Sector 561730: Landscaping,,,,Metco Landscaping (Aurora),0,7/28/22,44,See WARN,Unforseen Business Circumstance,,0,Metco Aurora,,,7/28/22,ADWorks,,44,,
,0,8/1/22,Sector 561730: Landscaping,,,,Metco Landscaping (Colo Springs),0,7/28/22,36,See WARN,Unforseen Business Circumstance,,0,Metco Colo Springs,,,7/28/22,El Paso,,36,,
,0,8/1/22,Sector 561730: Landscaping,,,,Metco Landscaping (Englewood),0,7/28/22,38,See WARN,Unforseen Business Circumstance,,0,Metco Englewood,,,7/28/22,ADWorks,,38,,
,0,9/29/22,Sector: 22 Utilities 118 Other Electrical Power Generators,,,,Chord Energy,0,12/1/2022,104,Various (See WARN),Merger wth Whiting & Oasis,,0,Chord Energy,,,6/30/2023,Denver,,104,,
,0,9/29/22,"Sector 31, 311: Food Manufacturing",,,,Platerra Foods,0,11/30/2022,121,Not stated,Closure - Cease Operations,,0,Platerra,,,12/20/22,"Denver, Boulder",,121,,
,0,10/20/22,Sector 51: Information,,,,Starry Inc.,0,10/21/2022,41,Various (See WARN),Business Changes,,0,Starry Inc.,,,10/21/22,ADWorks,,41,,
,0,11/9/22,Sector 336414: Guided Missile and Space Vehicle Manufacturing,,,,Astra Space Inc.,0,11/9/2022,72 (1 in CO),Various (See WARN),Refocus business operations,,0,Astra Space inc.,,,11/9/22,Pikes Peak/Teller,,1 (of 72 in CO),,
,0,11/21/22,Sector 62:Healthcare & Social Assistance,,,,Rume Health,0,1/20/2023,1,Trainer,Unknown,,0,,,,1/20/23,Denver,,1,,
,0,11/25/22,Sector 51: Information 519290 Web Search Portals & Other Info Services,,,,Twitter (Boulder) Supplemental,0,1/20/2023,38 (voluntarily resigned),Various (See WARN),Voluntary Resignation,,0,Twitter Supplemental,,,1/20/23,Boulder,,38 (resigned voluntarily),,
,0,12/2/22,"Sector 54: Professional, Scientific Services",,,,Inscripta,0,,43,Various (See WARN),Closure/Reduction in Force,,0,Inscripta,,,,Boulder,,43,,
,0,12/14/22,Sector 62: Healthcare & Social Assistance,,,,Centura Porter Place,0,2/17/2023,55,Various (See WARN),Closure of Retirement Center,,0,Centura Porter Place,,,2/17/23,Denver,,55,,
,0,1/3/23,Sector 23: Construction,,,,Wanzek Construction,0,1/3/2023,666,Unknown,Cancellation of Contract,,0,Wanzek Construction,,,1/3/23,Pueblo,,666,,
,2,4/21/2019,Sector 81: Other services (except public administration),,,4,SSDI,4,4/21/2019,,SSDI,Other,,,,,,4/21/2021,,,3,,
,2,9/1/2020,Sector 56: Administrative and support and waste management and remediation services,,,Administrative,Monkey's Avatar,0,9/15/2020,,Monkeys Avatar,COVID/Pandemic Related,,,,,,12/31/2020,,,0,,
,0,10/1/2020,"Sector 54: Professional, scientific and technical services",,,House cleaning,Haley A Jackson,0,10/1/2020,,Haley Jackson,COVID/Pandemic Related,,,,,,10/1/2021,,,1,,
,0,1/8/2021,Sector 48: Transportation & Warehousing,,,556 furloughs were rescinded,Southwest Airlines - Update,0,N/A,,Southwest Airlines Update,Layoffs Rescinded,,,,,,N/A,,,0,,
,0,1/14/21,Sector:53: Real Estate Rental & Leasing/531190,,,Various: See WARN,Strive Communities Management,0,3/15/21,,Strive Communities Management,Closure due to sale,,,,,,3/28/21,,,76,,
,0,1/25/21,Sector 51: Information,,,Not dislclosed,Concentrix,0,3/31/21,,Concentrix,Closure,,,,,,3/31/21,,,107,,
,0,1/29/21,Sector 48: Transportation & Warehousing,,,"Front line employees, management & administration positions",United Airlines,983,3/31/21,,United Airlines,COVID-19 Decrease in air travel,,,,,,3/31/21,,,10,,
,0,2/17/21,Sector 22: Utilities/Wind Electric Power Generation,,,Not dislclosed,Vestas Blades America Inc.,0,4/17/21,,Vestas Blades America,Reduction in Force,,,,,,4/17/21,,,280,,
,0,2/18/21,Sector 53: Real Estate Rental & Leasing / 531311- Residential Property Managers,,,Not disclosed,Crestview Management LLC/Columbia Sussex Management,0,4/1/21,,Crestview Management LLC,Change of Management Company,,,,,,4/1/21,,,93,,
,0,2/18/21,Sector: 61 Educational Services,,,Not dislclosed,Johnson & Wales University,0,5/4/21,,Johnson & Wales University,Closure,,,,,,5/4/21,,,107,,
,2,2/22/2021,Sector 48-49: Transportation and warehousing,,,Delivery Drivers,Orion Logistics LLC - Amazon Delivery Service Partner,0,12/27/2020,,Orion Logistics,Other,,,,,,2/27/2021,,,87,,
,0,2/26/21,Sector 42: Consumer Electronics & Computers Retail,,,Various:See WARN,PomeroyTechnologies,0,4/30/21,,Pomeroy Technologies,RIF: Loss of contract,,,,,,4/30/21,,,44,,
,3,3/11/2021,Sector 72: Accommodation and food services,,,3,Hill,3,1/17/2019,,Hill,COVID/Pandemic Related,,,,,,3/11/2021,,,3,,
,0,3/23/21,Sector 55:  Management of companies & enterprises,,,"Primarily collections agents, customer service representatives and management",Santander Consumer USA,0,12/31/21,,Santander Consumer USA,Restructuring  & Closure,,,,,,12/31/21,,,417,,
,0,3/24/21,Sector 32: Manufacturing/pharmaceutical preparation manufacturing,,,Not disclosed,"Novartis Gene Therapies, Inc.",0,7/9/21,,Novartis,Closure of facility,,,,,,7/29/21,,,400,,
,0,4/13/21,Sector 51: Information,,,Hourly customer service positions,TTECH Services Corporation,0,6/26/21,,TTECH Services Corporation,Closure,,,,,,7/10/21,,,252,,
,0,4/23/21,Sector 56: Asset Adjusters,,,"Asset Services, data services, and recovery agents",ART Asset Adjusters,0,4/23/21,,ART Asset Adjusters,Loss of Business/COVID related,,,,,,4/23/21,,,5,,
,0,5/6/21,Sector 56: Facilities Support Services,,,"Cleaner, leads, floor techs, district manager, zone manager & administration positions",ABM,0,5/31/21,,ABM,Loss of contract,,,,,,5/31/21,,,233,,
,0,5/19/21,Sector 52: Investment Banking and Securities Dealing,,,Various:See WARN,T. Rowe Price,0,8/1/21,,T. Rowe Price,Other,,,,,,8/1/21,,,287,,
,0,6/1/21,Sector 23: Construction,,,"Various: Project engineers, apprentices, carpenters, construction managers, Foremen",Katerra Inc.,0,6/4/21,,Katerra Inc.,Closure,,,,,,8/5/21,,,102,,
,0,6/3/21,Sector 23: Construction,,,"Various: Project engineers, apprentices, carpenters, construction managers, Foremen",Katerra Inc. Update Supplemental,0,6/4/21,,Katerra Inc. Supplemental,Seeking alternative financing that may impact layoffs,,,,,,8/5/21,,,-,,
,50,6/4/2021,Sector 23: Construction,,,Unsure of total impact at this time - Government Budget impacts are not completely apparent,T&H Services LLC,50,8/5/2021,,T&H Services LLC,Other,,,,,,8/6/2021,,,0,,
,0,6/22/2021,"Sector 54: Professional, scientific and technical services",,,"Customer Service Representatives (85), Account Manager (1), Staff Support Manager (2), Director (1)","Computer Task Group, Inc",0,8/31/2021,,Computer Task Group,Other,,,,,,8/31/21,,,89,,
,0,7/2/21,Sector 23: Construction,,,"Various: Project engineers, apprentices, carpenters, construction managers, Foremen",Katerra Inc. Update Supplemental2,0,6/4/21,,Katerra Inc. Supplemental 2,Seeking sale or purchase,,,,,,8/5/21,,,-,,
,0,7/6/21,Sector 45: Retail Trade,,,Not stated,Walmart Store #6177,0,7/23/21,,Walmart,Closure,,,,,,10/8/21,,,85,,
,0,7/15/2021,Sector 31-33: Manufacturing,,,Not disclosed,"Process Solutions of Durango, Inc.",2,7/15/2021,,Process Solutions,COVID/Pandemic Related,,,,,,12/31/2021,,,0,,
,0,7/30/21,Sector 48: Transportation & Warehousing,,,Food service workers,United Airlines Update,0,10/19/21,,United Airlines Update,Outsourcing,,,,,,11/2/21,,,434,,
,0,8/2/2021,Sector 81: Other services (except public administration),,,Direct Support Professional,Continuum of Colorado,0,10/2/2021,,Continuum of Colorado,Closure,,,,,,10/2/21,,,8,,
,2,8/15/2021,Sector 81: Other services (except public administration),,,Gardeners and landscapers,The beez kneez organic gardens,0,7/20/2020,,Beez Kneez,COVID/Pandemic Related,,,,,,5/1/2021,,,4,,
,0,9/7/2021,Sector 81: Other services (except public administration),,,Direct Support Professional,Continuum of Colorado,0,11/8/2021,,Contiuum of Colorado,Closure,,,,,,11/8/21,,,5,,
,0,9/7/2021,Sector 81: Other services (except public administration),,,Direct Support Professionals,Continuum of Colorado,0,11/8/2021,,Continuum of Colorado,Closure,,,,,,11/8/21,,,9,,
,0,9/9/2021,"Sector 21: Mining, quarrying and oil and gas extraction",,,All,Crestone Peak Resources LLC,0,10/15/2021,,Crestone Peak Denver,Acquisition of Company,,,,,,10/15/2021,,,56,,
,0,9/9/2021,"Sector 21: Mining, quarrying and oil and gas extraction",,,All,Crestone Peak Resources LLC,0,10/15/2021,,Crestone Peak Weld,Acquisition of Company,,,,,,10/15/2021,,,90,,
,0,9/9/2021,"Sector 21: Mining, quarrying and oil and gas extraction",,,All,Crestone Peak Resources LLC,0,10/15/2021,,Crestone Peak ADW,Acquisition of Company,,,,,,10/15/2021,,,13,,
,0,9/13/2021,Sector 23: Construction,,,Selling and building,Moore Bros,3,9/13/2021,,Moore Bros,COVID/Pandemic Related,,,,,,9/13/2021,,,3,,
,0,10/7/2021,Sector 42: Wholesale Trade Durable Goods,,,Unknown,First Nation Group,0,10/7/21,,First Nation,Unforeseeable Business Circumstances,,,,,,11/5/2021,,,12,,
,0,11/4/21,Sector 53: Real Estate Rental & Leasing,,,Unknown,Zillow Group,0,1/3/22,,Zillow Group,Eliminating Zillow Offers Line of Business,,,,,,12/31/22,,,20,,
,0,11/18/21,Sector 53: Real Estate Rental & Leasing,,,Unknown,Zillow Group Update 11-18-21,0,1/17/22,,Zillow Group Update 11-18-21,Eliminating Zillow Offers Line of Business,,,,,,1/17/22,,,1,,
,0,11/22/21,"Sector 21: Mining, Quarrying, and Oil & Gas Extraction",,,"Mine, surface, maintenance, warehouse, mill accounting, technical, environmental",Ouray Silver Mines,0,12/22/21,,Ouray Silver Mine,Unforeseeable Business Circumstances,,,,,,12/22/21,,,83,,
,0,11/29/21,Sector 62: Healthcare and Social Assistance,,,"Security Agents and Officers, supervisors, and scheduler",HSS Inc.,0,12/31/21,,HSS Inc.,Unforeseeable Business Circumstances,,,,,,12/31/21,,,94,,
,0,12/20/21,Sector 561621: Security Systems Services,,,Field Sales & Management,Monitronics International- Brinks Home,0,10/10/21,,Monitronics International - Brinks Home,Eliminating Field Operations,,,,,,10/10/21,,,"61 total, 4 in CO",,
,0,12/30/21,Sector 72: Accomodation and food services,,,Various hotel staff (See WARN for details),513 Hotel Operating LLC,0,12/31/21,,513 Hotel Operating LLC,Sale of Company,,,,,,12/31/21,,,160,,
,,8/31/2020,53,,,,Avis Budget Group,3,8/31/20,3,"Account Manager, Analyst Q&A, Local Sales Market Manager",COVID 19 Extended Furlough,,,Avis Budget Group,,,,ADW,,,,
,178,6/30/2020,56,,,,ABM,,4/10/2020,178,"Various: Supervisor, Administrative Assistant, Shuttle Driver and Bus Attendants",COVID - Temporary,,,ABM,,,,Denver,,,,
,23,9/8/2020,48,,,,Airport Management Services & Hudson Group,,10/1/20,45,"Service Associates including stock and warehouse, Supervisors; 22 permanent, 23 Temporary","COVID 19 - 22 permanent, 23 temporary",,,Airport Mgmt Services & Hudson Group,,,,Denver,,22,,
,72,8/17/2020,72,,,,Alamo Drafthouse Cinema Littleton - Update,,8/17/20,87,Not disclosed,COVID - Temporary,,,Alamo Drafthouse Littleton - Update,,,,Arapahoe/Douglas,,,,
,87,8/17/2020,72,,,,Alamo Drafthouse Cinema Sloans Lake Update,,8/17/20,87,Not disclosed,COVID - Temporary,,,Alamo Drafthouse Sloans Lake Update,,,,Denver,,,,
,87,8/17/2020,72,,,,Alamo Drafthouse Cinema Westminster  - Update,,8/17/20,87,Not disclosed,COVID - Temporary,,,Alamo Westminster Update,,,,Adams,,,,
,67,4/30/2020,53,,,,Alamo Rent-A-Car,,4/3020,67,"Various: Customer Service Agent, Service Agent, DOT Bus Driver, Exit Booth, Greeter",Mass Layoff - Permanent,,,Alamo Rent-A-Car,,,,Denver,,,,
,,3/20/2020,81,,,,Alsco,85,3/20/20,85,"Production, Route Sales Representatives",Furlough,,,Alsco,,,,Denver,,,,
,,7/15/2020,48,,,,American Airlines,107,10/1/20,109,Not Disclosed,"COVID-19 - 2 Permanent, 107 Temporary Fulough",,,American Airlines,,,,Denver,,2,,
,,11/6/2020,62,,,,American Pathology Partners and APP-UniPath,,1/6/21,154,"Logistics, histology, accessioning, molecular services, cytology, administration, sales, client relations, hospital services, clinical services",Permanent,,,American Pathology Partners,,,,Denver,,154,,
,,8/28/2020,72,,,,Ameristar Casino Resort & Spa Black Hawk,,11/1/20,58,Various,COVID - Permanent,,,Ameristar - Update,,,,Jefferson,,58,,
,,6/11/2020,72,,,,Ameristar Casino Resort Spa,,9/15/2020,117,Not disclosed,Mass Layoff- Permanent,,,Ameristar Casino Resort Spa,,,,Gilpin/Jefferson,,117,,
,,9/29/2020,31,,,,Anheuser- Busch - Loveland,,12/4/2020,71,"Various: sales, drivers and more",Sale of Company,,,Anheuser-Busch,,,,Larimer,,71,,
,,9/29/2020,31,,,,Anheuser-Busch - Colo springs,,12/4/2020,59,"Various: drivers, drivers, merchandiser, and more (see WARN)",Sale of Company,,,Anheuser-Busch,,,,Pikes Peak,,59,,
,,9/29/2020,31,,,,Anheuser-Busch - Denver,,12/4/2020,220,"Various: analysts business development, marketing, driver, mechanics and more (see WARN)",Sale of Company,,,Anheuser-Busch,,,,Denver,,220,,
,,9/29/2020,31,,,,Anheuser-Busch - Littleton,,12/4/2020,50,"Various: analysts, drivers, sales, warehouse and more (see WARN)",Sale of Company,,,Anheuser-Busch,,,,Arapahoe/Works,,50,,
,20,9/10/2020,72,,,,"Antlers, a Wyndham Hotel",,9/10/20,28,"Sales admin, barista, line cook, restaruant manager, security officer, bartender, valet gift shop attendant, server, steward and others. 288 permanent, 20 temporary","COVID 19 - 8 permanent, 20 temporary",,,Antlers Wyndham Hotel,,,,Pikes Peak,,8,,
,,4/13/2020,33,,,,Aqua Hot Heating Systems,10,3/26/20,10,Various,Furlough,,,Aqua,,,,Weld,,,,
,17,5/4/2020,72,,,,Arabelle at Vail Square,,Not available,17,17 EMPLOYEES TOTALING 99,COVID - Temporary,,,Arabelle,,,,Rural Resort,,,,
,71,10/16/2020,72,,,,Aramark at Coors Field,,Unknown,71,Various,COVID-Temporary,,,Aramark Coors Field,,,,Denver,,,,
,904,10/16/2020,72,,,,Aramark at Mission Ballroom,,Unknown,904,Various,COVID-Temporary,,,Aramark Mission Ballroom,,,,Denver,,,,
,,3/31/2020,71,,,,Arapahoe Fitness LLC,97,3/31/20,97,"Managers, Trainers, Front Desk, Member Sales, Instuctors",Furlough,,,Arapahoe Fitness,,,,Arapahoe/Dougless,,,,
,82,4/6/2020,72,,,,Arrabelle at Vail Square,,4/6/20,82,Unspecified,COVID-19 Temporary Closure,,,Arrabelle at Vail,,,,Rural Consortium,,,,
,,3/31/2020,71,,,,Aurora Health & Fitness,52,3/31/20,52,"Managers, Trainers, Front Desk, Member Sales, Instuctors",Furlough,,,Aurora Health & Fitness,,,,Arapahoe/Dougless,,,,
,,8/31/2020,53,,,,Avis Budget Group (ADW - Englewood),2,8/31/20,2,Technicians,COVID 19 Extended Furlough,,,Avis Budget Group,,,,ADW,,,,
,,8/31/2020,53,,,,Avis Budget Group (Denver),2,8/31/20,2,"Sales Performance Manager, Territority Performance Manager",COVID 19 Extended Furlough,,,Avis Budget Group,,,,Denver,,,,
,,4/10/2020,53,,,,Avis Budget Group/Avis Budget Car Rental,,3/13/20,260,"Agents, Customer Service Reps, Associate Rental Sales, Administrative, mechanic, shuttlers etc.",Fulough and Permanent,,,Avis Budget Group,,,,Denver,,260,,
,69,5/2/2020,72,,,,Barcelona Wine Bar,,3/18/20,69,Not Disclosed,COVID-19: Mass Layoff,,,Barcelona Wine Bar,,,,Denver,,,,
,53,4/1/2020,72,,,,Bartaco,,3/21/20,53,Not disclosed,Mass Layoff- Temporary,,,Bartaco,,,,Boulder,,,,
,,4/15/2020,21,,,,Basic Energy Services,,4/15/20,51,Various: Managers & Supervisors,Permanent,,,Basic Energy Srvs,,,,Rural Consortium - Eastern Sub-Area,,51,,
,,4/23/2020,21,,,,Basic Energy Services (Updated),,4/23/20,26,"Equipment Operators, Mechanics, Field Supervisor, Welder, Staff Assistant",Permanent,,,Basic Energy Services,,,,Ft. Morgan,,26,,
,,4/23/2020,21,,,,Basic Energy Services (Updated),,4/23/20,26,"Equipment Operators, Mechanic, Field Supervisor-Pumping Services, Machinist, Welder, Staff Assistant",Permanent,,,Basic Energy Update,,,,Rural Consortium - Eastern,,26,,
,297,4/6/2020,72,,,,Beaver Creek Resort,,4/6/20,297,Unspecified,COVID-19 - Temporary Closure,,,Beaver Creek,,,,Rural Consortium,,,,
,26,5/4/2020,72,,,,Beaver Creek Resort,,Not available,26,26 ADDITIONAL tOTALING 323,COVID - Temporary,,,Beaver Creek Resort,,,,Rural Resort,,,,
,,4/17/2020,44,,,,Bed Bath & Beyond,98,4/4/20,98,Not Disclosed,COVID-19 - Furloughs,,,Bed Bath & Beyond,,,,Araphaoe/Douglas,,,,
,65,4/6/2020,45,,,,Bicycle Village,,4/6/20,65,Unspecified,COVID-19 - Temporary Closure,,,Bicycle Village,,,,"Multiple: A/D, Boulder, Rural Consortium",,,,
,1,5/4/2020,45,,,,Bicycle Village,,Not available,1,1 ADDITIONAL TOTALING 62,COVID - Temporary,,,Bicycle Village,,,,Rural Resort,,,,
,,5/22/2020,54,,,,Bluprint (3 locations),,7/22/20,137,"Various: Photographers, Product Managers, Customer Support, Engineers, Editors and Others",Closure - Permanent,,,Bluprint,,,,Denver,,137,,
,24,5/4/2020,71,,,,Breckenridge Ski Resort,,Not available,24,24 ADDITIONAL TOTALING 129,COVID - Temporary,,,Breckenridge Ski Resort,,,,Rural Resort,,,,
,55,5/4/2020,71,,,,Breckenridge SSBRK,,Not available,55,Not Disclosed,COVID - Temporary,,,Breckenridge SSBRK,,,,Rural Resort,,,,
,105,4/6/2020,71,,,,Brekenridge Ski Resort,,4/6,105,Unspecfiied,COVID-19 - Temporary Closure,,,Breckenridge Ski,,,,Rural Consortium,,,,
,298,5/21/2020,72,,,,Brown Palance Denver,,5/21/20,298,"Various: Cooks, Food Servers, Bussers, Laundry, Banquet Servers, Hostesses and more.",COVID-19 Temporary,,,Brown Palace,,,,Denver,,,,
,65,3/23/20,72,,,,Calimira dba Rusty Bucket Restraunt & Tavern,,3/16/20-3/20/20 and 3/21/20-3/31/20,65,Not disclosed,COVID-19/Temporary Closure,,,Rusty Bucket,,,,Adams,,,,
,56,12/8/2020,72,,,,Cameron Mitchell Restaurants - AD,,11/20/20-11/30/20,56,"servers, bartenders, managers, cooks, chefs, home office employees, directors and executives",COVID Temporary,,,Cameron Mitchell Restaurants AD,,,,Arapahoe/Douglas,,,,
,70,12/8/2020,72,,,,Cameron Mitchell Restaurants-Denver,,11/20/20-11/30/290,70,"servers, bartenders, managers, cooks, chefs, home office employees, directors and executives.",COVID - Temporary,,,Cameron Mitchell Restaurants-Denver,,,,Denver,,,,
,276,11/17/2020,42,,,,Centerplate Sodexo,,12/16/20,276,Various,COVID - Temporary,,,Centerplate Sodexo,,,,Denver,,,,
,,4/8/2020,92,,,,City of Fort Lupton,78,4/18/20,78,,Furlough,,,Ft Lupton,,,,Weld,,,,
,120,3/23/2020,62,,,,ClearChoice,,3/23/20,120,55 layoffs and 13 furloughs,COVID-19/Temporary Closure,,,Clear Choice,,,,ADWorks,,,,
,21,3/26/2020,72,,,,Colombo,,3/29/20,21,undisclosed,COVID-19 - Temporary Closure,,,Columbo,,,,Denver DIA,,,,
,,3/30/2020,79,,,,Colorado Athletic Club - Boulder,186,3/20/20,186,Not disclosed,Furlough,,,Colo Athletic Boulder,,,,Boulder,,,,
,,3/30/2020,79,,,,Colorado Athletic Club - DTC,115,3/20/20,115,Not disclosed,Furlough,,,Colorado Athletic - DTC,,,,Arapahoe/Dougless,,,,
,,3/30/2020,79,,,,Colorado Athletic Club - Flatiron,115,3/20/20,115,Not disclosed,Furlough,,,Colorado Athletic Flatiron,,,,Boulder,,,,
,,3/30/2020,79,,,,Colorado Athletic Club - Inverness,135,3/20/20,135,Not disclosed,Furlough,,,Colorado Athletic Inverness,,,,Arapahoe/Dougless,,,,
,,3/30/2020,79,,,,Colorado Athletic Club - Monaco,192,3/20/20,192,Not disclosed,Furlough,,,Colorado Athletic Monaco,,,,Denver,,,,
,,3/30/2020,79,,,,Colorado Athletic Club - Tabor Center,144,3/20/20,144,Not disclosed,Furlough,,,Colo Athletic Tabor Ctr,,,,Denver,,,,
,,3/30/2020,79,,,,Colorado Athletic Club - Union Station,88,3/20/20,88,Not disclosed,Furlough,,,Colorado Athletic Union Station,,,,Denver,,,,
,,3/31/2020,79,,,,Colorado Fitness Holdings,59,3/31/20,59,"Managers, Trainers, Front Desk, Member Sales, Instuctors",Furlough,,,Col Fitness Holdings,,,,Pikes Peak,,,,
,198,4/6/2020,48,,,,Colorado Mountain Express,,4/6/20,198,Unspecified,COVID-19 - Temporary Closure,,,CO Mtn Express,,,,"Multiple: Rural Consortium, Denver",,,,
,13,5/4/2020,48,,,,Colorado Mountain Express,,Not available,13,Not Disclosed; 13 additional totaling 211,COVID - Temporary,,,Colorado Mtn Express,,,,Rural Resort,,,,
,133,4/6/2020,45,,,,Colorado Ski & Golf,,4/6/20,133,Unspeficied,COID-19 - Temporary Closure,,,CO Ski & Golf,,,,"Multiple: A/D, Pikes Peak, Jeffco",,,,
,10,5/4/2020,45,,,,Colorado Ski & Golf,,Not available,10,Not Disclosed; 10 additional totaling 143,COVID - Temporary,,,Colorado Ski and Golf,,,,Rural Resort,,,,
,163,5/8/2020,51,,,,Cox Automotive,,5-17-20,163,Not Disclosed,COVID - Temporary,,,Cox Automotive,,,,Arapahoe/Douglas,,,,
,182,3/27/2020,72,,,,Curtis Hotel,,3/27/20,182,"Wait staff, bartenders, parking attendants, cooks, front desk, baristas, bellmen, room attendants",COVID-19 - Temporary Closure,,,Curtis Hotel,,,,Denver,,,,
,,7/6/2020,72,,,,Curtis Hotel Update,136,6/5/20 to 6/22/20,136,"Housekeeping, prep cooks, banquet service, baristas, wait staf, bellman,  and more.",COVID Permanent,,,Curtis Hotel Update,,,,Denver,,,,
,53,5/15/2020,54,,,,Czarnowski,,"5/22/20, 5/26/20, 5/29/20",53,"Various: 3D Designer, Account Mgr, Admin Graphics, Carpenters, Proj Mgr and more",COVID-Temporary,,,Czarnowski,,,,Denver,,,,
,,6/5/2020,54,,,,Czarnowski - Update,9,"6/10/20, 6/17/20, 6/22/20, 6/26/20",9,"Various:  3D Designer, Account Manager, Inventory, Carpenter Inventory Control, CNC Operator, Warehouse, Rental",Temporary furloughs,,,Czarnowski - Update,,,,Denver,,,,
,20,7/15/2020,54,,,,Czarnowski Update,,7/18/20-8/11/20,20,"Account Managers, Carpenters, Accounting Assitants, CAD, data entry Rental CAD, Rental designer and more",COVID Temporary,,,Czarnowski Update,,,,Denver,,,,
,,9/8/2020,72,,,,Dave and Busters Denver,136,11/8/20,136,Not specified,COVID 19 Permanent,,,Dave & Busters Denver,,,,Denver,,,,
,,9/8/2020,72,,,,Dave and Busters Westminster,98,11/8/20,98,Not specified,COVID 19 Permanent,,,Dave & Busters Westminster,,,,Adams,,,,
,96,7/28/2020,72,,,,Delaware North Company,,7/28/20,96,"Various: Bartenders Cocktail Servers, Cooks, Utility workers, Stand Attendants, and more",COVID Temporary,,,Delaware North Company,,,,Denver,,,,
,,8/10/2020,49,,,,Deliverol Global,53,8/10/20,53,"Various: Delivery Associates, Shift and Site Leads",Permanent Mass Layoff (Ending Contract),,,Deliverol Global,,,,Denver,,,,
,14,3/17/2020,72,,,,Dels Diner,,3/17/20,14,"cooks, waitresses, management",COVID-19-Temporary Closure,,,Del's Diner,,,,Rural Consortium,,,,
,151,5/27/2020,72,,,,Denver Center for Performing Arts,,6/1/20,151,"Various: Ticket Agents, Stage Hands, Office Managers, Production Electricians and Ohters",Mass Layoff -Temporary/Some Permanent,,,Denver Center for Performing Arts,,,,Denver,,,,
,,5/8/2020,72,,,,Denver Crown Plaza,69,3/12/20,69,"Various: Banquet Servers & Setup, Accounting Clerk, Engineer, Barista, Event Sales, Front Desk and others",Furloughs,,,Crown Plaza,,,,Denver,,,,
,,4/8/2020,21,,,,Discovery Natural Resources,28,4/8/20 - 5/1/20,28,Not disclosed,Furlough,,,Discovery,,,,Denver,,,,
,103,7/31/2020,72,,,,Double Tree by Hilton Update -3203 Quebec,,7/31/20,103,Not disclosed,COVID Temporary,,,Doubletree 3203 Quebec,,,,Denver,,,,
,177,5/15/2020,72,,,,DoubleTree Colorado Springs,,3/16/20,177,"Various: Accounting Personnel, Sales and Event Managers, Operations Managers, Front Line Supervisors, Shuttle drivers",COVID-19 Temporary,,,Doubletree,,,,Pikes Peak,,,,
,87,4/2/2020,72,,,,Doubletree Denver Tech Center,,3/13/20,87,Various: Request WARN for detail.,COVID-19 - Temporary Closure,,,Doubletree DTC,,,,Arapahoe/Douglas,,,,
,,10/20/2020,72,,,,Doubletree Denver Tech Center,,10/22/20,27,Not specified,COVID-Permanent,,,Doubletree Denver,,,,Denver,,27,,
,52,4/2/2020,72,,,,Doubletree Grand Junction,,3/13/20,52,Various: Request WARN for detail.,COVID-19 - Temporary Closure,,,Doubletree GJ,,,,Mesa,,,,
,2,3/27/2020,23,,,,Dynalectric Company,,3/13/20,2,undisclosed,COVID 19- Temporary Closure,,,Dynalectric,,,,Boulder,,,,
,1,4/2/2020,23,,,,Dynalectric Company,,3/30/20,1,Various: Request WARN for detail.,COVID-19 - Temporary Closure,,,Dynalectric,,,,Denver,,,,
,,4/10/2020,23,,,,Dynalectric Company,1,4/18/20,1,Not Disclosed,Furlough,,,Dynalectric,,,,Pikes Peak,,,,
,134,3/25/2020,72,,,,Earls Restaurants USA Inc.,,3/25/20,134,"servers, dishwashers, cook, bartender, prep, setter dining & lounge, host +",COVID-19 - Temporary Closure,,,Earls,,,,Denver & Arapahoe/Douglas,,,,
,118,3/30/2020,72,,,,Ebassy Suites Denver Downtown,,3/19/20,118,Variety of positions - Request WARN for detail,COVID-19 Temporary Closure,,,Embassy Suites,,,,Denver,,,,
,,6/19/2020,33,,,,EcoGen Laboratories,101,6/17/2020 - 7/1/2020,101,Variety of postions - Request WARN for detail,Mass Layoff- Permanent,,,EcoGen,,,,Grand Junction (Mesa),,,,
,,7/23/2020,33,,,,EcoGen Laboratories - Update,101,5/26/20-July/22/20,101,Not specified,COVID Permanent,,,EcoGen Labs - Update,,,,Mesa,,,,
,,7/23/2020,33,,,,Ecogen Laboratories Update,168,7/23/20,168,Not disclosed,COVID Permanent,,,Ecogen Update,,,,Mesa,,,,
,34,3/26/2020,72,,,,Einstein Brothers,,3/29/20,34,undisclosed,COVID-19 - Temporary Closure,,,Einstein Brothers,,,,Denver DIA,,,,
,,5/16/2019,53,,,,Electro Rent,1,,1,"Electronic Tech, Digital Demand Generation, IT Tech Support, Test Equipment Operator, Equipment Support Techs, Production Operator",COVID Furlough,,,Electro Rent,,,,Boulder,,,,
,,7/1/2020,53,,,,Electro Rent,,7/1/20,55,"Various: Equipment Support Techs, Electronic Techs, Customer Support Tech, Territory Account Mgrs, and more",COVID Permanent,,,Electro Rent Update,,,,Denver,,55,,
,26,3/25/2020,42,,,,Electronic Recyclers,,3/24/20,26,"Operators, environmental and Safety, production, truck driver, HR assistant, loss prevention",COVID-19 Temporary Closure,,,Electronic Recyclers,,,,Araphaoe/Douglas,,,,
,111,3/27/2020,72,,,,Elizabeth Hotel,,3/27/20,111,"Wait staff, bartenders, parking attendants, cooks, front desk, baristas, bellmen, room attendants",COVID-19 - Temporary Closure,,,Elizabeth Hotel,,,,Larimer,,,,
,126,3/27/2020,72,,,,Embassy Suites & Hilton Garden Inn Boulder,,3/27/20,126,Variety of positions - Request WARN for detail,COVID-19 - Temporary Closure,,,,,,,Boulder,,,,
,61,5/15/2020,72,,,,Embassy Suites Boulder -Update,,6/13/20,61,"Various: Cooks, Laundry, Managers, Breakfrast Attendnance and others; REINSTATING 95 AND LAYING OFF 61",Reinstate and COVID Temporary,,,Embassy Suites Boulder,,,,Boulder,,,,
,,6/26/2020,72,,,,Embassy Suites by Hilton Colo Springs - Updated,57,7/1/20,57,"Various: Banquet Server, Bartenders, Comp Bar, Cooks, Sales, Front Desk, Housekeepers, Maintenance and others",COVID-19 Permanent RIF,,,Embassy Suites Colo Springs,,,,Pikes Peak,,,,
,,6/26/2020,72,,,,Embassy Suites by Hilton Denver Tech North  - Updated,56,7/1/20,56,"Various: Banquet Server, Bartenders, Comp Bar, Cooks, Sales, Front Desk, Housekeepers, Maintenance and others",COVID-19 Permanent RIF,,,Embassy Suites Denver,,,,Denver,,,,
,,6/29/2020,72,,,,Embassy Suites Denver Downtown Update,112,6/29/20,112,"Banquet servers, sales managers, housekeeping room attendants, dishwashers, servers and more",COVID Permanent,,,Embassy Suites Denver Downtown Update,,,,Denver,,,,
,,4/30/2020,53,,,,Enterprise and National Rent-A-Car,83,4/30/20,83,"Various: DOT Bus Drivers, Drivers, Return Agents, Maintenance Techs and others",Mass Layoff - Permanent,,,Enterprise and National Rent-A-Car,,,,Denver,,,,
,,1/8/2019,,,,,AstraZeneca,,3/22/19,210,"Quality Control, technicians, engineers & others",Closure,,,,,,,Boulder & Longmont,,,,
,,10/23/2019,,,,,Backflip Studios,,12/23/19,86,"Various: creative roles, management, engineers, product managers",Closure,,,,,,,Boulder,,,,
,,9/23/2019,,,,,Brown Brothers Harriman & Co.,,11/25/19 - 9/30/20,136,Various: CPAs CPAs Administrative positions related to investments,Loss of Contract/Closure,,,,,,,Arapahoe/Douglas,,,,
,,2/5/19,,,,,"Conagra Brands, Inc.",,5/24/19 - 3/20/20,100,Not reported,Closure,,,,,,,Boulder,,,,
,,4/26/2019,,,,,Crothall Healthcare Environmental Services,,6/30/19,283,"Housekeepers,  Admin, Operations, Patient Ambassadors",Closure,,,,,,,Arapahoe/Douglas,,,,
,,10/30/2019,,,,,"Energes Services, LLC",,"10/30/2019, 11/8/2019, 11/22/2019, 11/29/2019",121,"Various: Construction, Maintenece, Admin",Closure,,,,,,,Larimer,,,,
,,1/7/2020,,,,,Geo Reentry Services LLC,,3/6/2020,196,"Various: Corrections Personnel (136), Rehabilitation Providers/Therapists (23), General Admin (17), Food Service (6), Medical (14)",Mass Layoff,,,,,,,Pikes Peak (Colo Springs),,,,
,,10/7/2019,,,,,Halliburton Energy Services Inc.,,10/7/19,178,"Various: Drivers, Service Coordinators, Planners, Material Handlers, Mechanic Technicians, Parts Techs, Coordinators",Mass Layoff,,,,,,,Mesa,,,,
,,11-1-19 received 11/19/19 via Local Area/Suthers office,,,,,HomeAdvisor,,1/1/20 to 1/14/20,229,Various: Predominately Sales Consultants and Project Advisors,Closure,,,,,,,Pikes Peak,,,,
,,3/21/19 (received  3/22/19),,,,,Invesco (OppenheimerFunds OFI),,5/25/19 (thru 18 mo following),850,Not disclosed in WARN,Downsizing,,,,,,,Arapahoe/Douglas (Centennial),,,,
,,12/10/2019,,,,,Jagged Peak Energy Inc,,Closure 1/10/20- 04/10/20,92,Various: Request WARN notification for specifics.,Closure/Sale of Company/Restructuring,,,,,,,Denver,,,,
,,9/30/2019,,,,,Levy Premium Foodservice LP,,9/30/19,56,"Various Positions:  Servers (14), Cooks (13), Supervisors (6), Food Runners (4), Cashiers (3) and other positions",Loss of Pepsi Center Contract,,,,,,,Denver,,,,
,,10/30/2019,,,,,Molson Coors,,12/31/19,300,Not disclosed in WARN,Downsizing,,,,,,,Denver,,,,
,,3/1/19 (received on 3/22/19),,,,,National Express Transit (NEXT),,6/30/19,60,"3 Managers and 57 hourly employees including General Manager, Saftety Manager/OPS, Drivers, Dispatchers, Dispatch Reservation Manager, Road Supervisors, Utility Workers, Scheduler, Reservationist",Closure,,,,,,,Pikes Peak,,,,
,,8/16/2019,,,,,Nestle USA Inc and Nestle Dreyer's Ice Cream,,10/18/19-12/31/19,56,"Various: Sales, Delivery Drivers, Merchandisers, Warehouse",Restructuring/Closure of site,,,,,,,Denver,,,,
,,10/29/2019,,,,,Oakwood Worldwide,,12/30/2019,1,Operations Manager,Mass Layoff,,,,,,,Denver,,,,
,,7/15/19 (received 7/16/19),,,,,PrimeFlight Aviation Services Inc.,,9/18/19,439,"Various positions: Cabin Appearance Staff (380), Inventory Control (17), Operations Managers, & other positions",Loss of Contract with United Airlines,,,,,,,Denver,,,,
,,1/18/2019,,,,,Pura Vida Fitness & Spa,,4/15/19,134,"Managers/Directors, therapists, instructors, & others",Closure,,,,,,,Denver,,,,
,,10/4/19,,,,,QCData,,11/29/19 - 1/31/2020,40-60,Unknown,Loss of Contract,,,,,,,Arapahoe/Douglas,,,,
,,1/15/2019,,,,,Resolute Natural Resources Company LLC,,3/1/19,57,"Various: administration, engineers, & others",Merger,,,,,,,Denver,,,,
,,1/26/2020,,,,,S4 Inc.,,Downsize 1/26/20,77,Various: IT positions,Loss of Contract,,,,,,,Pikes Peak,,,,
,,3/18/2019,,,,,"Sandoz Inc, A Novartis Division (Next Phase)",,5/18/19 - 6/1/19,56,"Management, Production Technicans, administrative, Material Handlers",Closure,,,,,,,Broomfield,,,,
,,1/7/19 & 4/6/2020,,,,,"Sandoz Inc., A Novartis Division (Update)",,4/13/19-5/30/19,24,"Production Technicians, Chemists, & more",Closure,,,,,,,Broomfield,,,,
,,7/6/19-7/31/19,,,,,Sandoz-Novartis,,7/6/19 - 7/31/19,24,"Lead Technicians (5), Equipment Maintenance Tech III (3), Production Technician III (16)",Closure,,,,,,,Broomfield,,,,
,,7/8/2019,,,,,Sandoz-Novartis,,9/7/19 - 12/31/19,67,"Various positions: Administrative, Chemist, Supply Chain, Production, Quality, Techs, Logistics",Closure,,,,,,,Broomfield,,,,
,,8/5/19,,,,,Sandoz-Novartis,,10/5/19-12/31/19,37,"Various Positions: Logistics Productioins Support, Compliance, Quality Engineer, HR Specialist, Trainer, Management",Closure,,,,,,,Broomfield,,,,
,,2/11/2019,,,,,Sandoz/Novartis (2nd Wave of Layoffs),,4/13/19 - 5/19/19,116,"Production technicians, chemists, process & others",Closure,,,,,,,Broomfield,,,,
,,10/24/19,,,,,Smithfield Fresh Meats Corporation,,12/31/19 to 3/26/20,68,"Various: General Labor, Crew Leaders, Equipment Operators, Forklift Operations and others.",Closure,,,,,,,Denver,,,,
,,2/13/2019,,,,,Spectrum Pharmaceuticals,,4/12/19,3,"Application system analyst, data compliance officer, VP Sales",Divesting Product line/Sale to Acrotech Biopharma,,,,,,,Denver,,,,
,,1/2/2019,,,,,The Inn at Cherry Creek,,"3/3/19, 3/31/19",18,"Front office, housekeeping, exec office, engineering & others",Closure (Temporary 18-24 mo),,,,,,,Denver,,,,
,,8/29/2019,,,,,Transform SR LLC (060401 & 01141 Units),,12/15/19,80,"Various: Consultative Sales, Managers, Store Support, Fulfillment Center, Cashier, Auto Technicians, Customer Service",Change in Business Circumstances,,,,,,,Arapahoe/Douglas,,,,
,,10/5/2019,,,,,TTEC Services Corporation,,10/5/19,174,Primarily Customer Service Agents working in different locations across the U.S.,Ending work-from-home ops,,,,,,,Arapahoe/Douglas,,,,
,,5/10/2019,,,,,Upsher-Smith Laboratories LLC,,8/2/19 - 3/31/20,74,"Various postions: Manufacturing Technicians, scientists, engineers, technical services, instrument controls, operations",Closure,,,,,,,Denver,,,,
,,3/25/2019,,,,,Westrock,,"3/25/19, 4/24/19, 5/24/19",61,"Production workers, auditors, technicians & others",Closure,,,,,,,Arapahoe/Douglas,,,,
,,1/9/2019,,,,,"WideOpenWest Networks LLC and WideOpenWest Illinois, LLC",,3/10/19  (184) & 5/31/19  (19),203,"Customer Advocates, Business Tech Sup, Sales Retention Specialists & more",Downsize,,,,,,,Colorado Springs,,,,
,,1/7/2020,,,,,Zahn Dental,,3/9/2020,54,"Various: Customer Care, CAD Scanners, Finishing Technicians, Machine Operators, Finishing Technicians & others",Reorganization and relocation,,,,,,,Jefferson (Golden),,,,
,,2/2/2019,,,,,"Advantage Logistics USA West LLC - Aurora, CO",,,272,,Closure (Cease Operations),,,,,Arapahoe/Douglas,,,,,,
,,2/2/2019,,,,,"Advantage Logistics USA West LLC - Fountain, CO",,,475,,Closure (Cease Operations),,,,,Pikes Peak,,,,,,
,,8/9/2018,,,,,Ameritrade Holding Company,,,8,,Reorganization,,,,,Adams,,,,,,
,,1/8/2019,,,,,AstraZeneca,,,210,,Closure,,,,,Boulder & Longmont,,,,,,
,,6/29/2018,,,,,Chipotle Mexican Grill,,,399,,Closure,,,,,Denver,,,,,,
,,05/24/19 - 3/20/2020,,,,,"Conagra Brands, Inc.",,,100,,Closure,,,,,Boulder,,,,,,
,,8/10/2018,,,,,Conduent Commercial Solutions LLC,,,410,,Change in business conditions,,,,,Pikes Peak,,,,,,
,,12/1/2018,,,,,Courtyard Care Center Nursing Home/Family Health West,,,51,,Closure,,,,,Mesa County,,,,,,
,,3/6/2018,,,,,Covenant Care at Home,,,67,,Closure,,,,,Adams,,,,,,
,,2/12/2018,,,,,CPI Card Group,,,79,,Closure,,,,,Arapahoe/Douglas,,,,,,
,,10/22/2018,,,,,Crothall Healthcare/ Patient Transport Dept,,,65,,Cease operations,,,,,Adams,,,,,,
,,2/12/2018,,,,,Davita Clinical Research,,,41,,Other,,,,,Jefferson,,,,,,
,,6/1/2018,,,,,Davita Clinical Research,,,41,,Closure,,,,,Jefferson,,,,,,
,,5/31/2018,,,,,DCT Industrial,,,55-59,,Closure,,,,,Denver,,,,,,
,,7/27/2018,,,,,Dex YP,,,39,,Closure,,,,,Arapahoe/Douglas,,,,,,
,,6/29/2018,,,,,Dream Center Education Holdings Inc/The Art Institute,,,160,,Closure,,,,,Denver,,,,,,
,,7/20/2018,,,,,Dream Center Education Holdings LLC/Art Institute UPDATED to 12/31/18 closure date.,,,160,,Closure,,,,,Denver,,,,,,
,,1/2/2018,,,,,First Data - Update 1/2/18,,,149,,Reduction in Force,,,,,Arapahoe Douglas,,,,,,
,,1/22/2018,,,,,Fluor,,,54,,Other-Loss of Contract,,,,,Boulder,,,,,,
,,8/1/2018,,,,,General Dynamics,,,75,,Ceasing Operations on a contract,,,,,Pikes Peak,,,,,,
,,8/22/2018,,,,,General Dynamics Update 8-22-18 - Layoff date changed to 12/31/18,,,75,,Ceasing operations on a contract,,,,,Colorado Springs,,,,,,
,,2/8/2018,,,,,Jackson National Life Insurance Company,,,370,,Closure,,,,,Denver,,,,,,
,,8/13/2018,,,,,Jackson National Life Insurance Company,,,156,,Closure,,,,,Pikes Peak,,,,,,
,,9/28/2018,,,,,Media News Group dba Digital First,,,107,,Downsize,,,,,Pikes Peak,,,,,,
,,1/26/2018,,,,,National Planning Holdings,,,7,,Downsize due to sale,,,,,Denver,,,,,,
,,1/15/2018,,,,,Northrop Grumman - Update 1/15/18,,,38,,Other-Loss of Contract,,,,,Pikes Peak,,,,,,
,,1/2/2018,,,,,Northrop Grumman - Updated 1/2/18,,,85,,Other - Loss of Contract,,,,,Pikes Peak,,,,,,
,,1/7/19 & 4/6/2020,,,,,Peak Reliability,,,69,,Terminate Operations,,,,,Larimer,,,,,,
,,4/15/2019,,,,,Pura Vida Fitness & Spa,,,134,,Closure,,,,,Denver,,,,,,
,,2/6/2018,,,,,Sandoz Inc.,,,65,,Closure,,,,,Broomfield,,,,,,
,,1/7/19 & 4/6/2020,,,,,"Sandoz Inc., A Novartis Division (Update)",,,24,,Closure,,,,,Broomfield,,,,,,
,,2/11/2019,,,,,Sandoz/Novartis (2nd Wave of Layoffs),,,116,,Closure,,,,,Broomfield,,,,,,
,,2/15/2018,,,,,Schneider National Carriers Inc.,,,119,,Other - Loss of Contract,,,,,Arapahoe/Douglas,,,,,,
,,1/18/2018,,,,,Scottrade - Ameritrade,,,63,,Other,,,,,Adams,,,,,,
,,5/3/2018,,,,,Scottrade - Ameritrade,,,10,,Downsize,,,,,Adams,,,,,,
,,2/13/2019,,,,,Spectrum Pharmaceuticals,,,3,,Divesting Product line/Sale to Acrotech Biopharma,,,,,Denver,,,,,,
,,3/8/2018,,,,,St. Mary Corwin Medical Center,,,272,,Downsize,,,,,Pueblo,,,,,,
,,1/31/2018,,,,,Startek,,,261,,Downsize,,,,,Pikes Peak,,,,,,
,,8/17/2018,,,,,Startek Inc.,,,186,,Reduction in Force,,,,,Weld,,,,,,
,,10/24/2018,,,,,The Cheesecake Factory,,,96,,Closure,,,,,Boulder,,,,,,
,,1/2/2019,,,,,The Inn at Cherry Creek,,,18,,Closure (Temporary 18-24 mo),,,,,Denver,,,,,,
,,8/23/2018,,,,,Wells Fargo/Consumer Lending Group Home Equity Fullfillment Group,,,53,,Closure of Unit,,,,,Pikes Peak,,,,,,
,,3/25/2019,,,,,Westrock,,,61,,Closure,,,,,Arapahoe/Douglas,,,,,,
,,1/9/2019,,,,,"WideOpenWest Networks LLC and WideOpenWest Illinois, LLC",,,203,,Downsize,,,,,Colorado Springs,,,,,,
,,7/31/2018,,,,,Williams Field Services Group LLC,,,Unknown,,Selling assets,,,,,Rural (Durango),,,,,,
,,7/27/2017,,,,,All Aboard Transit Services - Resubmission 07/27/2017,,,Unknown - Previous submission 117,,Loss of Contract,,,,,Adams,,,,,,
,,10/30/2017,,,,,Alorica,,,288,,Closure,,,,,Pikes Peak,,,,,,
,,12/4/2017,,,,,CA Concessions of Colorado,,,52,,Loss of Contract/Downsize,,,,,Denver,,,,,,
,,1/3/2017,,,,,Cardon Outreach,,,60,,Closure,,,,,Pikes Peak,,,,,,
,,5/19/2017,,,,,Conduent Inc.,,,244,,Downsize,,,,,Arapahoe Douglas,,,,,,
,,3/30/2017,,,,,Dollar Express,,,37,,Closure,,,,,Various,,,,,,
,,2/22/2017,,,,,Express Scripts,,,338,,Closure,,,,,Pueblo,,,,,,
,,10/13/2017,,,,,First Data,,,201,,Reduction in Force,,,,,Arapahoe Douglas,,,,,,
,,1/2/2018,,,,,First Data - Update 1/2/18,,,149,,Reduction in Force,,,,,Arapahoe Douglas,,,,,,
,,1/4/2018,,,,,K-Mart Corporation Store #04332,,,81,,Closure,,,,,Pikes Peak,,,,,,
,,11/1/2017,,,,,Lockheed Martin,,,79,,Reduction in Force,,,,,Pikes Peak,,,,,,
,,7/25/2017,,,,,Multi Packaging Solutions,,,98,,Closure,,,,,Arapahoe Douglas,,,,,,
,,11/6/2017,,,,,National Ecological Observatory Network dba Battelle Ecology,,,55,,Reduction in Force,,,,,Boulder,,,,,,
,,12/14/2017,,,,,National Planning Holdings Inc.,,,13,,Sale of business/Reduction in Force,,,,,Denver,,,,,,
,,8/30/2017,,,,,National Planning Holdings Inc.,,,42,,Sale of business/Reduction in Force,,,,,Denver,,,,,,
,,11/2/2017,,,,,Northrop Grumman,,,50,,Reduction in Force,,,,,Pikes Peak,,,,,,
,,1/2/2018,,,,,Northrop Grumman - Updated 1/2/18,,,85,,Other - Loss of Contract,,,,,Pikes Peak,,,,,,
,,1/5/2017,,,,,Pinnacle Foods,,,27,,Closure,,,,,Boulder,,,,,,
,,3/2/2017,,,,,Savers,,,62,,Closure,,,,,Arapahoe Douglas,,,,,,
,,12/6/2017,,,,,TD Ameritrade Holding Corporation,,,84,,Company Reorganization/Downsize,,,,,Adams,,,,,,
,,10/10/2017,,,,,TD Ameritrade Holding Corporation,,,32,,Company Wide Reorganization,,,,,Adams,,,,,,
,,2/15/2017,,,,,UnitedHealth Group,,,119,,Downsize,,,,,Arapahoe Douglas,,,,,,
,,12/8/2017,,,,,UtiliQuest,,,78,,Loss of Contract/Closure,,,,,Tri-County,,,,,,
,,6/27/2017,,,,,Verizon/XO Communications,,,49,,Restructuring,,,,,Arapahoe Douglas,,,,,,
,,2/7/2017,,,,,Viavi Solutions Inc.,,,61,,Corporate Restructuring,,,,,Pikes Peak,,,,,,
,,1/17/2017,,,,,WalMart,,,68,,Closure,,,,,Denver,,,,,,
,,6/5/2017,,,,,Walmart Store #1208,,,153,,Closure,,,,,Jefferson,,,,,,
,,6/5/2017,,,,,Walmart Store #3020,,,65,,Closure,,,,,Jefferson,,,,,,
,,5/23/2017,,,,,Walmart Store #3096,,,74,,Closure,,,,,Boulder,,,,,,
,,6/20/2017,,,,,XTO Energy Western Div Office,,,113,,Closure - Move to other Company locations,,,,,Arapahoe Douglas,,,,,,
,,11/3/2017,,,,,Zenith Education Group,,,27,,Closure,,,,,Adams,,,,,,
,,11/3/2017,,,,,Zenith Education Group,,,26,,Closure,,,,,Pikes Peak,,,,,,
,,7/13/2017,,,,,Sports Authority - Lone Tree Store,,,70,,Closure,,,,,Arapahoe/Douglas,,,,,,
,,12/31/2016,,,,,SMA America Production LLC,,,220,,Closure,,,,,Denver,,,,,,
,,12/20/2016,,,,,Coleman,,,54,,Closure,,,,,Jefferson,,,,,,
,,10/21/2016,,,,,MV Public Transportation,,,52,,Closure,,,,,Mesa,,,,,,
,,10/11/2016,,,,,Climax Molybdenum Co - Henderson Mine & Mill - REV #5,,,N/A,,Revision,,,,,Jefferson,,,,,,
,,9/16/2016,,,,,Swissport,,,187,,Downsize,,,,,Denver,,,,,,
,,8/26/2016,,,,,Climax Molybdenum Co - Henderson Mine & Mill - REV #4,,,200,,Revision,,,,,Jefferson,,,,,,
,,8/26/2016,,,,,Sports Authority - Store Support Center,,,144,,Closure,,,,,Arapahoe/Douglas,,,,,,
,,8/18/2016,,,,,General Dynamics Information Technology,,,60,,Ceasing certain operations,,,,,Pikes Peak/Teller,,,,,,
,,8/10/2016,,,,,Lake Region Medical - Layoffs 8-10-16,,,60,,Closure,,,,,Jefferson,,,,,,
,,8/4/2016,,,,,Integra,,,59,,Downsize,,,,,Denver,,,,,,
,,7/28/2016,,,,,Honeywell Technology Solutions Inc - REV,,,210,,Potential Downsize,,,,,Pikes Peak/Teller,,,,,,
,,7/25/2016,,,,,Packaging Corporation of America,,,70,,Closure,,,,,Adams,,,,,,
,,7/20/2016,,,,,Excelsior,,,80,,Closure,,,,,Arapahoe/Douglas,,,,,,
,,7/12/2016,,,,,Northwest Pipe Company,,,65,,Selling  Company,,,,,Denver,,,,,,
,,7/5/2016,,,,,CCA- Kit Carson Correctional Facility,,,141,,Closure,,,,,Western,,,,,,
,,6/27/2016,,,,,Xerox State Healthcare,,,85,,Other,,,,,Arapahoe/Douglas,,,,,,
,,6/23/2016,,,,,Sports Authority,,,70,,Closure,,,,,Arapahoe/Douglas,,,,,,
,,6/15/2016,,,,,Sports Authority,,,N/A,,Revision,,,,,Arapahoe/Douglas,,,,,,
,,6/14/2016,,,,,Climax Molybdenum Co - Henderson Mine & Mill - REV#3,,,N/A,,Revision,,,,,Jefferson,,,,,,
,,6/10/2016,,,,,Sports Authority,,,N/A,,Revision,,,,,Arapahoe/Douglas,,,,,,
,,6/2/2016,,,,,Honeywell Technology Solutions Inc.,,,241,,Potential Downsize,,,,,Pikes Peak/Teller,,,,,,
,,5/31/2016,,,,,Sanjel,,,54,,Closure,,,,,Denver,,,,,,
,,5/31/2016,,,,,Sanjel,,,101,,Closure,,,,,Weld,,,,,,
,,5/25/2016,,,,,Sports Authority,,,461,,Closing,,,,,Arapahoe/Douglas,,,,,,
,,5/11/2016,,,,,Gaiam Inc.,,,34,,Sale of Company,,,,,Boulder,,,,,,
,,5/3/2016,,,,,DAL Global Services,,,104,,Downsize,,,,,Denver,,,,,,
,,4/25/2016,,,,,XIO Technologies,,,107,,Closure,,,,,Pikes Peak/Teller,,,,,,
,,4/11/2016,,,,,Lake Region Medical - Layoffs 4/21 and or 4/24/16,,,19,,Closure,,,,,Jefferson,,,,,,
,,4/11/2016,,,,,Lake Region Medical - Layoffs 5/19 and/or 5/22/16,,,26,,Closure,,,,,Jefferson,,,,,,
,,4/11/2016,,,,,Lake Region Medical - Layoffs 5/5 and/or 5/8/16,,,31,,Closure,,,,,Jefferson,,,,,,
,,4/11/2016,,,,,Lake Region Medical - Layoffs 6/2 and/or 6/5/16,,,28,,Closure,,,,,Jefferson,,,,,,
,,4/5/2016,,,,,Baxter Healthcare,,,106,,Closure,,,,,Arapahoe/Douglas,,,,,,
,,3/31/2016,,,,,Xerox Business Services,,,328,,Downsize,,,,,Pikes Peak/Teller,,,,,,
,,3/19/2016,,,,,Tubular Repair,,,7,,Potential Closure,,,,,Rural Resort,,,,,,
,,3/18/2016,,,,,Sky Hotel 39 Degrees Recinds Layoffs from 2/5/16 WARN,,,N/A,,N/A,,,,,Rural Resort,,,,,,
,,3/15/2016,,,,,MYCOM North America,,,2,,Closure,,,,,Arapahoe/Douglas,,,,,,
,,3/10/2016,,,,,WPX Energy,,,208,,Closure,,,,,Rural Resort,,,,,,
,,2/29/2016,,,,,Jacobs Technology Inc - ETASS Group.,,,70,,Downsize,,,,,Pikes Peak/Teller,,,,,,
,,2/26/2016,,,,,Bowie Resources LLC - Bowie Mine #2,,,102,,Idle,,,,,Western,,,,,,
,,2/25/2016,,,,,Climax Molybdenum Co - Henderson Mine & Mill - REV#2,,,N/A,,Downsize,,,,,Jefferson,,,,,,
,,2/23/2016,,,,,Sports Authority,,,72,,Closure,,,,,Denver,,,,,,
,,2/17/2016,,,,,Vail Cascade,,,200,,Job Attached,,,,,Rural Resort,,,,,,
,,2/12/2016,,,,,Honeywell,,,8,,Downsize,,,,,Pikes Peak/Teller,,,,,,
,,2/10/2016,,,,,Startek,,,89,,Downsize,,,,,Pikes Peak/Teller,,,,,,
,,2/5/2016,,,,,Leggett and Platt,,,62,,Closure,,,,,Pikes Peak/Teller,,,,,,
,,2/5/2016,,,,,Sky Hotel 39 Degrees,,,91,,Closure,,,,,Rural Resort,,,,,,
,,2/3/2016,,,,,All Web Leads Inc.,,,103,,Closure,,,,,Denver,,,,,,
,,1/31/2016,,,,,Jones International University,,,28,,Closure,,,,,Arapahoe/Douglas,,,,,,
,,1/26/2016,,,,,VMWare,,,38,,Downsize,,,,,Broomfield,,,,,,
,,1/26/2016,,,,,VMWare,,,48,,Downsize,,,,,Pikes Peak/Teller,,,,,,
,,1/25/2016,,,,,Climax Molybdenum Co - Henderson Mine & Mill - REV#1,,,210,,Downsize,,,,,Jefferson,,,,,,
,,1/25/2016,,,,,Republic Airways Holdings,,,158,,Closure,,,,,Denver,,,,,,
,,1/22/2016,,,,,Sprint,,,247,,Downsize,,,,,Arapahoe/Douglas,,,,,,
,,1/18/2016,,,,,Concentrix,,,348,,Closure,,,,,Boulder,,,,,,
,,1/15/2016,,,,,Walmart Store #3021,,,65,,Closure,,,,,Arapahoe/Douglas,,,,,,
,,1/15/2016,,,,,Walmart Store #5002,,,78,,Closure,,,,,Denver,,,,,,
,,1/4/2016,,,,,Safeway,,,98,,Closure,,,,,Denver,,,,,,
,,11/3/2015,,,,,Climax Molybdenum Co - Henderson Mine & Mill -,,,200,,Job Attached,,,,,Jefferson,,,,,,
,,6/4/2015,,,,,Albertsons #632,,,38,,Closure,,,,,Mesa County,,,,,,
,,3/24/2015,,,,,Albertsons #8584,,,78,,Closure,,,,,Pikes Peak/Teller,,,,,,
,,4/27/2015,,,,,Ambassadors Group,,,1,,Downsize,,,,,Denver,,,,,,
,,9/30/2015,,,,,Baker Hughes Inc.,,,17,,Downsize,,,,,Adams County,,,,,,
,,8/12/2015,,,,,Baker Hughes Inc.,,,124,,Downsize,,,,,Adams County,,,,,,
,,11/3/2015,,,,,"Baker Hughes, Inc.",,,2,,Downsize,,,,,Adams County,,,,,,
,,5/15/2015,,,,,Bayou Well Services,,,250,,Downsize,,,,,Weld,,,,,,
,,9/30/2015,,,,,Bowie Resources LLC,,,78,,Downsize,,,,,Western,,,,,,
,,4/3/2015,,,,,Capstone Logistics,,,69,,Downsize,,,,,Denver,,,,,,
,,11/3/2015,,,,,Climax Molybdenum Company,,,200,,Job Attached Layoff,,,,,Jefferson County,,,,,,
,,1/30/2015,,,,,Corinthian Colleges Inc./Everest College,,,214,,Closure,,,,,Pikes Peak/Teller,,,,,,
,,8/4/2015,,,,,Curian Capital,,,224,,Closure,,,,,Denver,,,,,,
,,7/28/2015,,,,,Diamond Wire Material Technologies,,,45,,Downsize,,,,,Pikes Peak/Teller,,,,,,
,,9/1/2015,,,,,ECMC Group,,,137,,Downsize,,,,,Adams County,,,,,,
,,9/15/2015,,,,,EOS CCA,,,60,,Closure,,,,,Denver,,,,,,
,,11/4/2015,,,,,Fidelity Exploration & Production Company,,,106,,Closure,,,,,Denver,,,,,,
,,4/30/2015,,,,,First Student,,,150,,Closure,,,,,Mesa,,,,,,
,,1/16/2015,,,,,Frontier Airlines Inc.,,,1152,,Closure,,,,,Denver,,,,,,
,,6/25/2015,,,,,Intuit,,,59,,Downsize,,,,,Arapahoe/Douglas,,,,,,
,,1/2/2015,,,,,Iqor Inc.,,,251,,Downsize,,,,,Pueblo,,,,,,
,,2/29/2016,,,,,Jacobs Technology Inc - ETASS Group.,,,70,,Downsize,,,,,Pikes Peak/Teller,,,,,,
,,1/31/2016,,,,,Jones International University,,,28,,Closure,,,,,Arapahoe/Douglas,,,,,,
,,1/6/2015,,,,,K-Mart-Sears Distribution Center,,,103,,Closure,,,,,Adams County,,,,,,
,,7/30/2015,,,,,KIRA,,,364,,Downsize,,,,,Pikes Peak/Teller,,,,,,
,,4/15/2015,,,,,Linn Energy,,,52,,Closure,,,,,Denver,,,,,,
,,10/23/2015,,,,,Lockheed Martin,,,126,,Downsize,,,,,Pikes Peak/Teller,,,,,,
,,7/20/2015,,,,,Lockheed Martin,,,119,,Downsize,,,,,Pikes Peak/Teller,,,,,,
,,7/20/2015,,,,,Lockheed Martin,,,130,,Downsize,,,,,Pikes Peak/Teller,,,,,,
,,8/6/2015,,,,,Lockheed Martin-Rev to 7/20/15 WARN,,,N/A,,Downsize,,,,,Pikes Peak/Teller,,,,,,
,,3/25/2015,,,,,MMC,,,64,,Closure,,,,,Glendale,,,,,,
,,7/31/2015,,,,,Moneygram Payment Systems Inc. (MPSI),,,1,,Closure,,,,,Jefferson County,,,,,,
,,6/14/2015,,,,,Moneygram Payment Systems Inc. (MPSI),,,1,,Closure,,,,,Jefferson County,,,,,,
,,5/31/2015,,,,,Moneygram Payment Systems Inc. (MPSI),,,1,,Closure,,,,,Jefferson County,,,,,,
,,5/17/2015,,,,,Moneygram Payment Systems Inc. (MPSI),,,1,,Closure,,,,,Jefferson County,,,,,,
,,5/2/2015,,,,,Moneygram Payment Systems Inc. (MPSI),,,8,,Closure,,,,,Jefferson County,,,,,,
,,5/1/2015,,,,,Moneygram Payment Systems Inc. (MPSI),,,1,,Closure,,,,,Jefferson County,,,,,,
,,4/30/2015,,,,,Moneygram Payment Systems Inc. (MPSI),,,1,,Closure,,,,,Jefferson County,,,,,,
,,4/1/2015,,,,,Moneygram Payment Systems Inc. (MPSI),,,1,,Closure,,,,,Jefferson County,,,,,,
,,3/30/2015,,,,,Moneygram Payment Systems Inc. (MPSI),,,4,,Closure,,,,,Jefferson County,,,,,,
,,1/27/2015,,,,,Moneygram Payment Systems Inc. (MPSI),,,7,,Closure,,,,,Jefferson County,,,,,,
,,1/6/2015,,,,,Moneygram Payment Systems Inc. (MPSI),,,4,,Closure,,,,,Jefferson County,,,,,,
,,5/28/2015,,,,,Newfield Exploration Company,,,91,,Closure,,,,,Denver,,,,,,
,,7/12/2016,,,,,Northwest Pipe Company,,,65,,Closure,,,,,Denver,,,,,,
,,8/4/2015,,,,,Ouray Silver Mines,,,82,,Job Attached Layoff,,,,,Western,,,,,,
,,5/4/2015,,,,,Pioneer Natural Resources,,,75,,Closure,,,,,Denver,,,,,,
,,5/4/2015,,,,,Pioneer Natural Resources - Trinidad,,,102,,Downsize,,,,,Southeast,,,,,,
,,8/27/2015,,,,,Quad/Graphics,,,151,,Closure,,,,,Various Regions,,,,,,
,,9/17/2015,,,,,Qualcomm,,,158,,Downsize,,,,,Boulder,,,,,,
,,1/4/2016,,,,,Safeway,,,98,,Closure,,,,,Denver,,,,,,
,,9/25/2015,,,,,Select Medical,,,68,,Closure,,,,,Denver,,,,,,
,,1/21/2015,,,,,Serco-NA,,,69,,Downsize,,,,,Pikes Peak/Teller,,,,,,
,,3/16/2015,,,,,Sinton Dairy Foods Company/ Borden,,,122,,Closure,,,,,Pikes Peak/Teller,,,,,,
,,7/20/2015,,,,,Sinton Dairy Foods Company/ Borden-Rev to 3/16/15,,,N/A,,Closure,,,,,Pikes Peak/Teller,,,,,,
,,7/1/2015,,,,,Sinton Dairy Foods Company/ Borden-Rev to 3/16/15,,,N/A,,Closure,,,,,Pikes Peak/Teller,,,,,,
,,5/15/2015,,,,,Sinton Dairy Foods Company/ Borden-Rev to 3/16/15,,,N/A,,Closure,,,,,Pikes Peak/Teller,,,,,,
,,5/11/2015,,,,,Sinton Dairy Foods Company/ Borden-Rev to 3/16/15,,,N/A,,Closure,,,,,Pikes Peak/Teller,,,,,,
,,1/22/2016,,,,,Sprint,,,247,,Downsize,,,,,Arapahoe/Douglas,,,,,,
,,2/10/2015,,,,,Staples,,,59,,Closure,,,,,Arapahoe/Douglas,,,,,,
,,11/13/2015,,,,,Target Corporation - TCC Cooking Company LLC,,,241,,Closure,,,,,Pikes Peak/Teller,,,,,,
,,2/17/2015,,,,,Trulia,,,33,,Other,,,,,Denver,,,,,,
,,11/16/2015,,,,,Union Pacific Company,,,300,,Closure,,,,,Denver,,,,,,
,,7/6/2015,,,,,Urban Fulfillment,,,265,,Closure,,,,,Jefferson County,,,,,,
,,7/17/2015,,,,,UTI,,,10,,Closure,,,,,Pikes Peak/Teller,,,,,,
,,1/26/2016,,,,,VMWare,,,38,,Downsize,,,,,Broomfield,,,,,,
,,1/26/2016,,,,,VMWare,,,48,,Downsize,,,,,Pikes Peak/Teller,,,,,,
,,1/15/2016,,,,,Walmart Store #3021,,,65,,Closure,,,,,Arapahoe/Douglas,,,,,,
,,1/15/2016,,,,,Walmart Store #5002,,,78,,Closure,,,,,Denver,,,,,,
,,9/2/2015,,,,,Western Forge,,,150,,Downsize,,,,,Pikes Peak/Teller,,,,,,
,,3/2/2015,,,,,WPX Energy,,,142,,Closure,,,,,Denver,,,,,,
,,11/30/2015,,,,,WPX Energy-Rev to 3/2/15,,,2,,Closure,,,,,Denver,,,,,,
,,7/9/2015,,,,,WPX Energy-Rev to 3/2/15,,,91,,Closure,,,,,Denver,,,,,,
,,4/29/2015,,,,,Zenith Education Group,,,152,,Downsize,,,,,Adams County,,,,,,
