company,addressfull,county,jobs,date_effective,closure_or_layoff
Qualfon,"1003 Broad Street, #101, Johnstown, PA 15906",Cambria,206,"Beginning:  January 23, 2023; Ending:  March 24, 2023",Layoff
Ascent Tubular Products,"1001 East Waterfront Drive, Munhall, PA 15120",Allegheny,114,Phase 1: 1/11/23 (38 workers) ... Phase 2: 2/10/23 (59 workers) ... Phase 3: 3/31/23 (11 workers) ... Phase 4: TBD (6 workers),Layoff
"Finance of America Holdings, LLC","1 West Elm Street, Conshohocken, PA 19428",Montgomery,43,"Beginning:  March 15, 2023; Ending:  October 2, 2023",Layoffs
Heartland Healthcare Services,"7010 Snowdrift Road #1, Allentown, PA 18106",Lehigh,71,"February 28, 2023",Closing
"Spreadshirt, Inc.","1572 Roseytown Road, Greensburg, PA 15601",Westmoreland,64,1st Phase: 1/9/2023 (49 Employees) ... 2nd Phase: 7/31/2023 (15 Employees),Closing
Brinks Home,"1990 Wittington Place, Dallas, TX 75234 (Corporate Office)",Various Counties within the Commonwealth,81 Total -- 13 of which reside in PA,"March 5, 2023",Layoff
C.H. Briggs,"2047 Kutztown Road, Reading, PA 19605",Berks,104,"February 1, 2023 -- 82 Employees ... March 1, 2023 -- 1 Employee ... April 1, 2023 -- 21 Employees",Closing
LSC Communications -- Lancaster WEST Plant,"1375 Harrisburg Pike, Lancaster, PA 17601",Lancaster,380,"March 31, 2023",Closing
LSC Communications -- Lancaster EAST Plant,"216 Greenfield Road, Lancaster, PA 17601",Lancaster,276,"March 31, 2023",Closing
Morrison HealthCare,"Multiple locations in Allentown, Hazelton, Bethlehem, East Stroudsburg, Pottsville, Easton, Lehighton and Dickson City.",Lehigh and Surrounding Counties,478,"March 3, 2023",Layoff
"NRG Energy, Inc.","595 Plant Road, New Florence, PA 15944",Westmoreland,70,5/16/23,Closing
"Shop-Vac USA, LLC","2323 Reach Road, Williamsport, PA 17701",Lycoming,80,Phase 1: 4/28/23 (67 employees) ... Phase 2: 7/14/23 (9 employees) ... Phase 3: 10/6/23 (4 employees),Layoff
"Johnson & Johnson Consumer, Inc.","1838 Colonial Village Lane, Lancaster, PA 17601",Lancaster,57,Beginning:  2/28/23 - Ending:  12/31/23,Closing
"BLST Operating Company, LLC","220 Hickory Street, Warren, PA 16366",Warren,23,6/2/2023,Layoff
Wal-Mart Distribution Center,"3215 Commerce Center Boulevard, Bethlehem, PA 18015",Northampton,597,6/2/2023,Layoff
"First Quality Retail Services, LLC","601 Allendale Road, King of Prussia, PA 19406",Montgomery,18,6/2/23,Layoff
NFI Interactive Logistics,"9141 Old Route 22, Bethel, PA 19507",Berks,124,6/30/23 -- 50 Employees ... 8/11/23 -- 74 Employees,Closure
International Vitamin Corporation,"10101 Roosevelt Boulevard, Philadelphia, PA 19154, 2101 Hornig Road, Philadelphia, PA 19116",Philadelphia,203,6/2/23 -- 105 Employees ... 7/7/23 -- 10 Employees ... 10/6/23 -- 70 Employees ... 12/1/23 -- 18 Employees,Closure
Brook & Whittle,"3001 State Road, Croydon, PA 19021",Bucks,72,5/25/2023,Closure
"Chewy, Inc.","40 Dauphin Drive, Mechanicsburg, PA 17050",Cumberland,522,6/3/2023,Closure
"Bedding Acquisition, LLC","67 Keystone Boulevard, Pottsville, PA 17901",Schuylkill,112,5/19/2023,Closure
Target,"1128 Chestnut Street, Philadelphia, PA 19107",Philadelphia,47,5/13/2023,Closure
"GEODIS Logistics, LLC","9750 Commerce Circle, Kutztown, PA 19530",Berks,107,7/31/2023,Layoff
Bon Appetit Management Company @ Grove City College,"100 Campus Drive, Grove City, PA 16127",Mercer,185,6/30/23,Closing
"HVL, LLC","600 Boyce Road, Pittsburgh, PA 15205, 112 Technology Drive, Pittsburgh, PA 15275",Allegheny,312,6/30/23,Closing
"Donna Bella Farms, LLC","5A Mountainside Road, Temple, PA 19560",Berks,161,6/30/23,Layoff
"Ryder Integrated Logistics, Inc.","71 Mall Road, Frackville, PA 17931",Schuylkill,132,6/25/2023 - 7/9/2023,Closure
"NRG, Homer City Generating Station","1750 Power Plant Road, Homer City, PA 15748",Indiana,129,7/3/20223 - 10/16/2023,Closure
"Santander Bank, N.A.","450 Penn Street, Reading, PA 19601",Berks,77,,Layoff
"David's Bridal, LLC",15 Stores within 9 Counties,Allegheny (4 locations) ... Blair ... Bucks (2 locations) ... Dauphin ... Delaware ... Erie ... Luzerne ... Montgomery (3 locations) ... York,"9,236 Nationwide; PA total pending verification",Phase 1: 4/14 ... Phase 2: 5/13 -- 5/27 ... Phase 3: 6/12 -- 8/11,Layoff
McKesson Corporation,"2798 New Butler Road, New Castle, PA 16101",Lawrence,135,6/1/23,Closure
"Lightning Source, LLC","860 Nestle Way, Breinigsville, PA 18031",Lehigh,260,04/14 -- 11 Employees ... 05/05 -- 20 Employees ... 06/17 -- 40 Employees ... 07/07 -- 20 Employees ... 08/04 -- 20 Employees ... 09/08 -- 20 Employees ... 10/06 -- 20 Employees ... 11/03 -- 69 Employees ... 12/29 -- 40 Employees,Layoff
Bon Appetit Management Company,"730 Sullivan Road, Easton, PA 18042",Northampton,194,7/11/23,Closing
Envision Physician Services,"1000 River Road, Suite 100, Conshohocken, PA 19428",Montgomery,162,7/14/23 (37 workers); 9/15/23 (125 workers),Layoff
"Warwick House, Inc.","1460 Meetinghouse Road, Hartsville, PA 18974",Bucks,58,beginning 5/10/23 and ending 60-74 days thereafter,Closing
"Greyhound Lines, Inc.","1001 Filbert Street, Philadelphia, PA 19107",Philadelphia,10,7/1/2023,Closure
Forman Mills,"2150 MacArthur Road, Whitehall, PA 18052 - (Lehigh County) -- 31 Workers, 1000 Easton Road, Wyncote, PA 19095 - (Montgomery County) -- 26 Workers, 2900 North Broad Street, Philadelphia, PA 19132 - (Philadelphia County) -- 37 Workers, 3500 Aramingo Avenue, Philadelphia, PA 19134 -- (Philadelphia County) -- 51 Workers, 140 Macdade Boulevard, Glenolden, PA 19036 -- (Delaware County) -- 46 Workers, 4806-50 Market Street, Philadelphia, PA 19139 -- (Philadelphia County) -- 8 Workers, 5694 Rising Sun Avenue, Philadelphia, PA 19120 -- (Philadelphia County) -- 46 Workers",Various,245,8/4/23,Closing
ABA2DAY Behavior Services,"1553 Chester Pike, Suite 103, Crum Lynne, PA 19022, 3744 West Chester Pike, Newtown Square, PA 19073",Delaware,94,Beginning 8/21/23 - Ending 9/19/23,Closure
"Marsden Services, LLC","2301 Duss Avenue, Suite 11, Ambridge, PA 15003",Beaver,179 (80 Marsden Employees and 99 Temporary Employees from both Express Labor & Integrated Staffing Agencies),6/30/23,Layoff
"Goodblend Pennsylvania, LLC","2920 Beaver Avenue, Pittsburgh, PA 15233",Allegheny,76,9/15/23,Closing
"Stitch Fix, Inc.","4770 Hanoverville Road, Suite 100/200, Bethlehem, PA 18020",Northampton,393,9/8/23 (96 employees) ... 9/15/23 (66 employees) ... 9/22/23 (36 employees) ... 9/29/23 (26 employees) ... 9/30/23 (1 employee) ... 10/6/23 (13 employees) ... 10/13/23 (37 employees) ... 10/20/23 (34 employees) ... 11/10/23 (10 employees) ... 12/1/23 (61 employees) ... 2/2/24 (13 employees) ... ,Closing
"KeHe Distributors, Inc.","860 Nestle Way, Suite 250, Breinigsville, PA 18013",Lehigh,8,"November 3, 2023",Layoff
CVS Health,"1425 Union Meeting Road, Blue Bell, PA 19422",Montgomery,157,"Beginning:  October 21, 2023 - ... Ending: December 30, 2023",Layoff
The AMES Companies,"1500 South Cameron Street, Harrisburg, PA 17121",Dauphin,57,"Beginning:  October 31, 2023 - ... Ending: April 15, 2024",Closure
WestRock,"33 North Powell Drive, Hazelton, PA 18201",Luzerne,70,10/31/2023,Closure
"Bowhead Logistics Management, LLC (Letterkenny Army Depot)","1350 Superior Avenue, Building 57, Chambersburg, PA 17201",Franklin,61,Beginning 9/29/23; Ending 11/16/23,Layoff
Crothall Healthcare @ Wellspan Health,"45 Monument Drive, York, PA 17403",York,64,9/8/23 - 10/1/23,Layoff
"Schnader, Harrison, Segal & Lewis, LLP","1600 Market Street, Suite 3600, Philadelphia, PA 19103",Philadelphia,83,8/31/2023,Layoff
Hussian College,"1500 Spring Garden Street, Suite 101, Philadelphia, PA 19130",Philadelphia,23,6/9/2023,Closing
"Burch Logistics, LLC","2400 South Weccawe Avenue, Philadelphia, PA 19148",Philadelphia,54 (All employees can be relocated to other Amazon Delivery Service Partners),9/30/2023,Closing
"FedEx Supply Chain, Inc.","115 Willow Springs Lane, York, PA  17406",York,220,9/30/2023,Closing
"CSL Behring, LLC","3675 Market Street, 7th Floor, Philadelphia, PA 19104",Philadelphia,3,Beginning 11/20/2023 - Ending 12/15/2023,Closing
The AMES Company,"465 Railroad Avenue, Camp Hill, PA 17011",Cumberland,182,Beginning 12/15/2023 - Ending 9/30/2024,Closure
Coca Cola,"7551 Schantz Road, Allentown, PA 18106",Lehigh,58,12/31/2023,Layoff
"Dan Schantz Farm & Greenhouses, LLC (UPDATED)","8025 Spinnerstown Road, Zionsville, PA 18092 (71 employees), 6071 Durham Road, Pipersville, PA 18947 (18 employees), 2031 29th Street SW, Allentown, PA 18103 (31 employees)",Lehigh and Bucks,120,12/22/2023,Closing
"VSSI Staffing Services, LLC","50 Mt. Zion Road, Suite 1, York, PA 17402",York,180,beginning:  1/3/2024 (52 employees); ending:  3/31/2024 (128 employees),Closing
"Matheson Flight Extenders, Inc.","870 Calcon Hook Road, Sharon Hill, PA 19079",Delaware,75,12/15/2023,Closing
Assurant,"625 Willow Springs Lane, York, PA 17406 (429 employees), 58 Grumbacher Road, Suite C, York, PA 17406 (13 employees)",York,442,Beginning:  1/2/2024 - Ending:  3/31/2024,Closing
"Eagle Sight Delivery, LLC","P.O. Box 176, Huntingdon Valley, PA 19006",Philadelphia,55,1/30/2024,Closure
Silgan Plastics,"121 Wheeler Court, Langhorne, PA 19047",Bucks,TBD,4/26/2024,Closure
"Vitro Flay Glass, LLC","400 Park Drive, Carlisle, PA 17013",Cumberland,88,1/15/2024,Layoff
"RE2, LLC/Sarcos Corp.","4925 Harrison St., Pittsburgh, PA 15201",Allegheny,73,1/16/2024,Closure
"American Medical Response Mid-Atlantic, Inc.","6501 Essington Avenue, Philadelphia, PA 19153",Philadelphia,152,1/18/2024. Additional layoff dates:  2/19/24 & 4/18/24,Layoff
"NextGen Healthcare, Inc.","Inc. 795 Horsham Rd., Horsham, PA 19044",Montgomery,65,1/16/2024 - 3/1/2024,Layoff
Hood Packaging Corporation,"3 Hazle Township, PA 18202",Luzerne,58,1/14/2024,Closure
"Saks, LLC","250 Highland Park Boulevard, Wilkes-Barre, PA 18702",Luzerne,90,1/6/2024 - 3/26/2024,Layoff
United States Steel Corporation,"1509 Muriel Street, Pittsburgh, PA 15203",Allegheny,105,1/2/2024 and continuing periodically,Layoff
WABTEC Corporation,"1001 Air Brake Avenue, Wilmerding, PA 15148",Allegheny,94,"Beginning February/March 2024; Ending July 1, 2024",Closure
HMS Host,"8500 Essington Avenue, Philadelphia, PA 19153 (Admiral's Club within the Philadelphia International Airport)",Philadelphia,77,Beginning 2/11/2024; Ending 2/25/2024,Closure
"Block, Inc.",Various Locations,"Bucks, Philadelphia, Montgomery, Delaware, Allegheny, Northampton and Chester",22,3/30/2024,Layoff
Gamestop Fullfillment Center,"20 Leo Lane, York, PA 17406",York,155,3/15/24 - 9/30/24,Closure
"Schenker, Inc.","45 Logistics Drive, Carlisle, PA 17013",Cumberland,478,3/10/24,Closure
"Merck & Co., Inc.","351 North Sumneytown Pike, North Wales, PA 19454",Montgomery,5,3/15/24,Layoff
"Lifescan, Inc.","20 Valley Stream Parkway, Malvern, PA 19355",Chester,To be determined,Beginning:  1/16/24; Ending:  3/29/24,Layoff
Peterson Farms dba Appeeling Fruit Holdings,"1149 Railroad Road, Dauberville, PA 19533",Berks,68,3/8/2024,Closure
"LivaNova USA, Inc.","620 Alpha Drive #2, Pittsburgh, PA 15238",Allegheny,137,Beginning 1/31/2024; Ending end of year 2024,Layoff
"Newbold Services, LLC","Two locations in Breinigsville, PA, One location in Easton, PA, Three locations in Carlisle, PA, One location in York, PA, One location in Hazelton, PA","Lehigh, Northampton, Cumberland, York and Luzerne",294,3/5/2024,Layoff
Guardian Healthcare Management Services,"8796 Route 219, Brockway, PA 15824",Jefferson,124,Beginning 3/8/2024; Ending end of year 2024,Closing
"United Parcel Service, Inc. (UPS)","521 North Center Avenue, New Stanton, PA 15672",Westmoreland,206 (198 P/T and 8 F/T Employees),4/15/2024,Closing
"Offset Paperback Manufacturers, Inc.","2211 Memorial Highway, Dallas, PA 18612",Luzerne,106,14 day period commencing 4/15/2024,Closing
"Affirm, Inc.","30 Isabella Street, Pittsburgh, PA 15212",Allegheny,60 (all employees work remotely),Beginning 2/15/2024; Ending 4/30/2024,Layoff
"GrafTech USA, LLC","800 Theresia Street, St. Marys, PA 15857",Elk,105 (91 Temporary Layoffs and 14 Permanent Layoffs),Beginning 4/13/2024; Ending 5/31/2024,Layoff
"NexTier Completion Solutions, Inc.","14235 Route 6, Mansfield, PA 16933",Tioga,104,4/13/2024,Closing
Cabrini University,"610 King of Prussia Road, Radnor, PA 19087",Delaware,363,Beginning:  5/17/24; Ending:  8/30/24,Closing
"Family Dollar Stores of Pennsylvania, LLC","1325 Point Breeze Avenue, Philadelphia, 4701 West Girard Avenue, Philadelphia, 1925 West Allegheny Avenue, Philadelphia, 1955 West Hunting Park Avenue, Philadelphia, 2201 West Cambria Street, Philadelphia, 2459 Kensington Avenue, Phialadelphia",Philadelphia,62,4/20/24,Closing
TE Connectivity,"627 North Grant Street, Waynesboro, PA 17268",Franklin,130,5/1/24,Closing
"Ornua Ingredients, Inc.","2850 Perry Highway, Slippery Rock, PA 16057",Lawrence,66,Beginning:  2/24/24; Ending:  4/23/24,Closing
"North Atlantic Ship Repair, LLC","5195 South 19th Street, Philadelphia, PA 19112",Philadelphia,58,6/28/2024,Closing
"Aramark Campus, LLC","520 North Main Street, Meadville, PA 16335",Crawford,94,6/30/2024,Layoff
"United Natural Foods, Inc.","3900 Industrial Road, Harrisburg, PA 17110",Dauphin,87,6/19/2024,Closing
Paris Uniform Services,"2103 North 7th Street, Harrisburg, PA 17110, 49 Susquehanna Road, Bradford, PA 16701, 333 Rose Street, Williamsport, PA 17701, 67 Hoover Avenue, Dubois, PA 15801",Various,138,6/30/2024,Closing
Ethos Cannabis,"807 Locust Street, Philadelphia, PA 19107",Philadelphia,11,Beginning 4/20/24; Ending 5/4/2024,Closing
"Parkhurst Dining, LLC @ Bucknell University","One Dent Drive, Lewisburg, PA 17837",Union,196,Beginning:  6/3/24; Ending:  6/16/24,Closing
"Cygnus Home Service, LLC","Berwick, PA, Carlisle, PA, DuBois, PA, Ebensburg, PA, Erie, PA, Jessup, PA",Various,55,7/27/2024,Layoff
ES3,"4875 Susquehanna Trail, York, PA 17406",York,69,7/22/2024,Layoff
"GEODIS Logistics, LLC","1490 Nitterhouse Drive, Chambersburg, PA 17201",Franklin,71,9/30/2024,Layoff
First Student,"3354 West Beersville Road, Northampton, PA 18067",Northampton,86,6/30/2024,Layoff
Bergen Logistics,"1055 Hanover Street, Wilkes-Barre, PA 18706",Luzerne,100,8/2/2024-8/16/2024,Closing
"Motional AD, Inc.","4427 Lytle Street, Mill 19B, Pittsburgh, PA 15207",Allegheny,145,Commencing:  7/6/2024; Ending:  9/1/2024,Layoff
First Student,"935 First Avenue, 1812 South 12th Street, Allentown, PA 18103, 3740 State Route 136, Greensburg, PA 15601",Lehigh and Westmoreland,253 (173 @ Allentown and 80 @ Greensburg),6/30/2024,Closing
Caring People Alliance,"2361-2373 Welch Road, Philadelphia, 5548 Chestnut Street, Second floor, Philadelphia, 2816 Germantown Avenue, Philadelphia",Philadelphia,123,6/30/2024,Closing
"Radial, Inc.","935 First Avenue, King of Prussia, PA 19406",Montgomery,645 (**ONLY FIVE PA RESIDENTS AFFECTED**),6/28/2024,Closing
Benefits Data Trust,"1500 Market Street, Philadelphia, PA 19102",Philadelphia,273,8/24/2024,Layoff
"Quest Diagnostics, Inc.","400 Egypt Road, Norristown, PA 19403",Montgomery,121,beginning:  8/26/2024; Ending:  12/31/2024,Closing
Pittsburgh Technical College,"1111 McKee Road, Oakdale, PA 15071",Allegheny,To be determined,8/9/2024 or within a 14-day window,Closing
The Boeing Company,"Stewart Avenue and Industrial Highway, Ridley Park, PA 19078",Delaware,69,8/16/2024,Layoff
University of the Arts,"320 South Broad Street, Philadelphia, PA 19102",Philadelphia,704,6/7/2024,Closing
"Megabus Northeast, LLC","110 Lenzner Court, Sewickley, PA 15143",Allegheny,12,8/9/2024,Closing
"Parkhurst Dining, LLC @ the University of the Arts, Philadelphia","320 South Broad Street, Philadelphia, PA 19102",Philadelphia,34,6/7/2024,Closing
"Pittsburgh Nursing and Rehab Center, PA","550 South Negley Avenue, Pittsburgh, PA 15232",Allegheny,124,Commencing:  5/30/2024; Ending:  7/29/2024,Closing
"Bonnie Plants, LLC","1477 Power Plant Road, Blairsville, PA 15717",Indiana,65,8/1/2024,Closing
"Customized Distribution Services, Inc.","8400 Industrial Blvd, Breinigsville, PA 18031",Lehigh,107,beginning:  10/7/2024; ending:  12/31/2024,Closing
"Radian Group, Inc.","550 East Swedesford Road, Suite 350, Wayne, PA 19087",Delaware,70,9/13/2024,Layoff
Truestone,"11 Hap Arnold Boulevard, Tobyhanna, PA 18466",Monroe,80,8/30/2024 - 10/4/2024,Layoff
"The Pep Boys -- Manny, Moe & Jack LLC","9250 Ashton Road, Suite 400, Philadelphia, PA 19114",Philadelphia,8,8/28/2024,Closing
Tri-State Envelope,"1 Ogler Place, Ashland, PA 17921",Schuylkill,122,beginning:  10/27/2024; ending:  11/10/2024,Closing
"Stuffed Puffs, LLC","3910 Stuffed Puffs Place, Bethlehem, PA 18017",Northampton,106,beginning:  10/26/2024; ending:  11/9/2024,Closing
Sportsbook,"700 Packer Avenue, Philadelphia, PA 19148",Philadelphia,31,10/12/2024,Closing
Fulton Bank N.A.,"1701 John F. Kennedy Boulevard, Philadelphia, PA 19103",Philadelphia,3,11/22/2024,Closing
"Highway Equipment Company, Inc.","22035 Perry Highway, Zelienople, PA 16063",Butler,67,9/23/2024,Closing
"Cygnus Home Service, LLC d/b/a Yelloh",Seven various locations within PA,Various,86,11/22/2024,Layoffs
DHL Supply Chain,"2771 North Market Street, Elizabethtown, PA 17022",Lancaster,268,11/10/2024,Closing
Visiting Nurses Association of Greater Philadelphia,"4601 Market Street, Philadelphia, PA 19139",Philadelphia,114,10/28/2024,Closing
"FMC Logistics, LLC","120 West Pumping Station Road, Quakertown, PA 18951",Bucks,121,10/29/2024,Closing
"Berkley Medical Resources, Inc.","700 Mountain View Drive, Smithfield, PA  15478",Fayette,unknown,11/27/2024 - 12/31/2024,Closing
"Midwest Transport, Inc.","2470 Evans City Road, Harmony, PA  16037",Butler,unknown,9/9/2024,Closing
Chart House,"555 South Columbus Boulevard, Philadelphia, PA  19147",Philadelphia,36,beginning:  11/30/24; ending:  12/3/24,Closing
"Kunzler & Company, Inc.","652 Manor Street, Lancaster, PA  17603",Lancaster,193,12/7/2024,Closing
Sodexo,"1 Discovery Drive, Swiftwater, PA  18370",Monroe,83,12/31/2024,Closing
"Cabinetworks, LLC","12393 William Penn Highway, Thompsontown, PA  17094",Juniata,420,Beginning:   12/9/2024; Ending:   12/21/2024,Closing
"Corelle Brands, LLC","100 8th Street,  Charleroi, PA  15022",Washington,270,12/9/2024 -- 173 workers ... 12/20/2024 -- 60 workers ... 1/13/2025 -- 2 workers ... 1/27/2025 -- 9 workers ... 2/17/2025 -- 26 workers,Closing
Intel Corporation,"1110 American Parkway, Allentown, PA  18109",Lehigh,56,11/15/2024,Layoff
True Value,"12 Tradeport Road, Hanover Township, PA  18706",Luzerne,269,beginning:  12/14/2024; ending:  12/28/2024,Layoff
"PepsiCo, Inc.","941 Dana Drive, Harrisburg, PA  17109",Dauphin,127,12/28/2024,Closing
"ID Logistics US, Inc.","24 Stauffer Industrial Park, Scranton, PA  18517",Lackawanna,108,12/31/2024,Layoff
Tyson Foods,"#1 -- Original Philly Cooked Plant, 4001 North American Street, Philadelphia, PA 19140, #2 -- Original Philly Raw Plant, 520 East Huntington Park Avenue, Philadelphia, PA 19124",Philadelphia,Cooked Plant -- 110 ... Raw Plant - 119,1/31/2025,Closure
Boeing Company,"300 Industrial Highway, Ridley Park, PA 19078, 1386 Connellsville Road, Lemont Furnace, PA 15456, 90 Laurel View Drive, Smithfield, PA 15478",Delaware and Fayette,101,1/17/2025,Layoff
Citizens Bank,"1. 2497 Aramingo Avenue, Suite 2, Philadelphia, PA 19125, 2. 8345 Ridge Avenue, Philadelphia, PA 19128, 3. 2101-41 Cottman Avenue, Philadelphia, PA 19149",Philadelphia,TBD,1. 1/15/2025 ... 2. 1/22/2025 ... 3. 2/12/2025,Closure
"The Giant Company, LLC","801 Market Street, Philadelphia, PA 19107",Philadelphia,61,12/28/2024,Closure
"BVPV Styrenics, LLC","400 Frankfort Road, Monaca, PA 15061",Beaver,140,1/3/2025 - 1/31/2026,Layoff
"DAS Companies, Inc.","1875 Zeager Road, Elizabethtown, PA  17022, 48 Industrial Road, Elizabethtown, PA  17022, 724 Lawn Road, Palmyra, PA  17078",Lancaster & Lebanon,100,12/31/2024,Layoff
"Bowery Farming, Inc.","1025 Feather Way, Bethlehem, PA  18015",Northampton,104,11/1/2024,Layoff
Devon Seafood Grill,"225 South 18th Street, Philadelphia, PA  19103",Philadelphia,76,beginning:  1/1/2025; ending:  1/3/2025,Closure
"Red Ribbon Bakeshop, Inc.","2201 Cottman Avenue, Suite 113, Philadelphia, PA  19152",Philadelphia,9,11/30/2024,Closure
"Great Dane, LLC","891 Strick Road, Danville, PA  17821",Montour,155,1/6/2025,Layoff
VF Corporation,"1515 Walnut Street, Philadelphia, PA  19102",Philadelphia,17,Layoffs:  1/25/2025; Closure:  1/31/2025,Closing
Sharon Regional Medical Center,"740 East State Street, Sharon, PA  16148",Mercer,149,1/6/2025,Closing
"Tatano Wire Products, LLC","714 Braddock View Drive, Lemont Furnace, PA  15456",Fayette,27,2/14/2025,Closing
Hard Rock Cafe,"230 West Station Square Drive, Pittsburgh, PA  15219",Allegheny,55,2/14/2025,Closing
Sharon Regional Medical Center,"(*NOTE: Addtional notice covering line staff; previous notice covered professional staff members), 740 East State Street, Sharon, PA  16148",Mercer,699,1/6/2025,Closing
"FedEx Supply Chain, Inc.","2901 Black Ridge Road, York, PA  17406",York,70,2/17/2025 through 3/3/2025,Layoff
VF Coporation,"1702 Walnut Street, Philadelphia, PA  19102",Philadelphia,12,Layoff date:  2/18/2025; Closure date:  2/21/2025,Closing
"VIMO, Inc.",Various locations nationwide,Various,430 nationwide; unknown number of PA residents impacted,2/19/2025,Layoff
"Big Lots, Inc.","50 Rausch Creek Road, Tremont, PA  17981",Schuylkill,505,beginning:   1/6/2025; completed:   3/31/2025,Layoff
"Joriki USA, Inc.","575 Research Drive, Pittston, PA  18640",Luzerne,226,12/31/2024,Closing
"D&A Consulting Service, LLC",Various locations,Various,14 Pennsylvania residents,2/19/2025,Layoff
Amazon,"17 William Drive, Imperial, PA  15126",Allegheny,432,3/12/25,Layoff
Macy's Inc.,"1300 Market Street, Philadelphia, PA  19107",Philadelphia,128,beginning:  3/18/25; ending:  3/31/25,Closing
Thomas Jefferson University Hospital,"1101 Market Street,  23rd Floor, Philadelphia, PA  19107",Philadelphia,171,3/10/25,Layoff
"National Distribution Centers, LLC","3419 Ritner Highway, Newville, PA  17241",Cumberland,385,3/8/25,Layoff
"GXO Warehouse Company, Inc.","336 Heinz Street, Mechanicsburg, PA  17055",Cumberland,85,3/12/25,Closing
Alpha & Omega Logistics Corporation,"516 North Bethlehem Pike, Ambler, PA  19002",Montgomery,110,1/10/25,Closing
Custom Glass Solutions,"2175 Kumry Road, Trumbauersville, PA  18970",Bucks,105,4/30/25,Closing
"pladis North America, Inc.","11 Main Street, Mohnton, PA  19540",Berks,55,5/29/25,Closing
"Household Metals, Inc.","645 East Erie Avenue, Philadelphia, PA  19134",Philadelphia,71,4/28/25,Closing
Mulherin's Pizzeria,"1175 Ludlow Street, Philadelphia, PA  19102",Philadelphia,39,4/16/25,Closing
"Church World Service (CWS), Inc.","308 East King Street, Lancaster, PA  17602",Lancaster,65,1/31/25-3/31/25,Layoff
"Cargill Cocoa & Chocolate, Inc.","400 Stony Creek Road, Hazle Township, PA  18202",Luzerne,102,5/26/25-5/30/25,Closing
S&S Activewear,"600 Industrial Drive, Lewisberry, PA  17339",York,218,4/9/25-10/15/25,Closing
International Paper,"533 Forest Road, Hazelton, PA  18202",Luzerne,107,4/14/25,Closing
"GXO Logistics Supply Chain, Inc.","200 Capital Lane, Middletown, PA  17507",Dauphin,91,4/15/25,Closing
Arway Uniform and Linen Rentals,"1696 Foulkrod Street, Philadelphia, PA  19102",Philadelphia,85,2/2/25,Closing
"Forever 21 OpCo, LLC","1706 Franklin Mills Circle, Philadelphia, PA  19102, 907-937A Market Street, Philadelphia, PA  19102",Philadelphia,36,4/23/25; ending:   5/7/25,Closing
"Philips Respironics, Inc.","174 Tech Center Drive, Mount Pleasant, PA  15666",Westmoreland,14,5/23/2025,Layoff
"Wilson Creek Energy, LLC","Ten locations within Somerset County, PA, One location within Garrett County, MD","Somerset County, PA; Garrett County, MD",332,3/28/25,Closing
"Merck & Co., Inc.","100 Avenue C, Riverside, PA  17868",Montour,163,first round -- 5/16 through 5/30; second round -- 6/23 through 7/7; final round -- sometime in 2026,Closing
"SPS Technologies, LLC","301 Highland Avenue, Jenkintown, PA  19046",Montgomery,251,5/18/25,Layoff
"BH Security, LLC (d/b/a Brinks Home)",Various locations throughout the Commonwealth,Various counties,42,6/30/25,Layoff
"Universal Protection Service, LLC","161 Washington Street, Suite 600, Conshohocken, PA  19428",Montgomery,72,"May 19, 23, 30 ... June 6, 20, 27 ... July 11, 18 ... August 8, 22, 29 ... September 12",Layoff
"Torrid, LLC","1001 Market Street, Space 2030, Philadelphia, PA  19107",Philadelphia,8,5/19/2025,Layoff
Hart to Heart Transportation,"2502 Wheatsheaf Lane, Philadelphia, PA  19137",Philadelphia,124,beginning:   3/24/2025; ending:   4/12/2025,Closing
Statewide Automotive,"1844 West Sedgley Avenue, Philadelphia, PA  19132",Philadelphia,5,beginning:   3/24/2025; ending:   4/12/2025,Closing
"Instant Web, LLC","100 Industrial Drive, Hamburg, PA  19526",Berks,298,6/27/2025 - 12/31/2025,Closure
Chartwells,"1000 Indian Rock Dam Road, York, PA  17403",York,6,6/6/2025,Layoff
"Spark Therapeutics, Inc.","2929 Arch Street, Philadelphia, PA  19104, 3025 Market Street, Philadelphia, PA  19104, 3737 Market Street, Philadelphia, PA  19104",Philadelphia,298,first wave - 5/9/2025 impacting 124 workers ... second wave - 7/1/2025 impacting 112 workers ... final wave ending  - 12/31/2025 impacting 62 workers,Layoff
Wawa,"6506 Frankford Avenue, Philadelphia, PA  19149, 6919 Castor Avenue, Philadelphia, PA  19149",Philadelphia,unknown,4/22/2025 for Frankford Avenue location ... 4/24/2025 for Castor Avenue location,Closing
"Corelle Brands, LLC","12000 Molly Pritcher Highway, Greencastle, PA  17225",Franklin,323,first wave - 6/9/2025 impacting 192 workers ... second wave - 9/30/2025 impacting 106 workers ... final wave ending  - 11/17/2025 impacting 25 workers,Closing
Crozer Health,Eight various locations,Delaware and Chester,"2,651",beginning 4/25/25; ending 5/2/25,Closing
"Med-Metrix, LLC","1 Medical Center Boulevard, Upland, PA  19013",Delaware,142,6/20/2025,Closing
"Krise Transportation, Inc.","35 School Bus Lane, Lewistown, PA  17044  (50 affected), 33 Commerce Drive, Milroy, PA  17063  (20 affected)",Mifflin,70,6/30/2025,Layoff
"Bakery Barn, LLC","111 Terence Drive, Pittsburgh, PA  15236",Allegheny,82,8/1/2025,Closing
"Ryder Integrated Logistics, Inc.","30 Ludwig Court, Shoemakersville, PA  19555",Berks,76,8/1/2025 - 12/31/2025,Closing
First Student Lewisberry,"531 Fishing Creek Road, Lewisberry, PA  17339",York,81,6/30/2025,Layoff
"Law Practice of Lavin, Cedrone, Graver, Boyd & Disipio","190 North Independence Mall West, Suite 500, Philadelphia, PA  19106",Philadelphia,49,6/30/2025,Closing
"Leviathan Energy, L.P.","501 Technology Drive, Suite 1200, Canonsburg, PA  15317, 2660 Monroeville Boulevard, Monroeville, PA  15146",Washington and Allegheny,105,7/1/2025 - 7/15/2025,Closing
Suburban Community Hospital,"2701 Dekalb Pike East, Norristown, PA  19401",Montgomery,109,7/5/2025,Layoff
"Cleveland-Cliffs, Inc.","215 South Front Street, Steelton, PA  17113",Dauphin,559,6/30/2025,Layoff
Rite-Aid,"200 Newberry Commons, Etters, PA  17319, 1200 Intrepid Avenue, Suite 2, Philadelphia, PA  19112",York and Philadelphia,501 @ Etters location; 595 @ Philadelphia location,5/5/2025 @ Etters location; 6/4/2025 @ Philadelphia location,Layoff
"TransAxle, LLC","22073 Perry Highway, Zelienople, PA  16063",Butler,9 Pennsylvania workers (209 total),Beginning:  7/15/25; Ending:  7/29/25,Layoff
"Cleveland Cliffs Plate, LLC","900 Conshohocken Road, Conshohocken, PA  19428",Montgomery,107,6/30/25,Layoff
SpiriTrust Lutheran,"2700 Luther Drive, Chambersburg, PA  17202",Franklin,Unknown,7/18/25,Closing
"Weaber, Inc.","11117 Skyline Drive, Titusville, PA  16354",Crawford,46,8/25/2025 - 9/8/2025,Closing
"IG Design Group Americas, Inc.","Locations:, 2015 West Front Street, Berwick, PA 18603, 9th Street and Bomboy Lane, Berwick, PA 18603, 3rd and Oak Street, Berwick, PA 18603",Columbia,380,8/26/2025,Closure
"Compass Group USA, Inc.","125 Walnut Street, Philadelphia, PA  19103",Philadelphia,110,8/9/2025,Closing
"Internation Timber and Veneer, L.C.","75 McQuiston Drive, Jackson Center, PA  16133",Mercer,81,8/18/2025,Closing
Del Frisco's Grille,"225 South Broad Street, Philadelphia, PA  19107",Philadelphia,51,beginning 7/31/25; ending 8/3/25,Closing
Tmunity Therapeutics,"3020 Market Street, Suite 535, Philadelphia, PA  19104, 2929 Arch Street, Suite 1800, Philadelphia, PA  19104",Philadelphia,14,beginning 1/17/25; ending 6/30/25,Closing
Pittsburgh Job Corps Center,"7175 Highland Drive, Pittsburgh, PA  15206",Allegheny,180,beginning 6/13/25; ending 6/30/25,Closing
"Natural Foods, Inc.","4255 East Independence Drive, Schnecksville, PA  18078",Lehigh,716,beginning 8/12/25; ending 10/18/25,Layoff
"Tyson Warehousing Services, LLC","110 Keystone Boulevard East, Pottsville, PA  17901",Schuylkill,314,8/15/2025,Layoff
"PPG Industries, Inc.","47 Park Avenue, Elverson, PA  19520",Chester,82,beginning 8/18/2025; ending 12/31/2026,Closing
ACC Premiere,"948 Plaza Drive, Suite 1, Montoursville, PA  17754",Lycoming,67,9/19/2025,Layoff
"Alloy Surfaces Company, Inc.","121 North Commerce Drive, Chester Township, PA  19014",Delaware,52,8/30/2025 - 12/31/2025,Closing
Carson Valley Children's Aid,"15 &71 West Wissahickon Avenue, Flourtown, PA  19031 (51 employees impacted), 2300 West Allegheny Avenue, Philadelphia, PA  19132 (33 employees impacted), 800 West Olney Avenue, Philadelphia, PA  19120 (10 employees impacted), 1314 DeKalb Street, Norristown, PA  19401 (2 employees impacted)",Montgomery and Philadelphia,96,beginning 9/1/2025; ending 9/15/2025,Closure
"Century Therapeutics, LLC","25 North 38th Street, Philadelphia, PA 19104",Philadelphia,72 (54 PA residents impacted),7/11/2025,Layoff
"Weaber, Inc.","25 Keystone Drive, Lebanon, PA  17042",Lebanon,145,beginning 8/26/2025; ending 9/9/2025,Layoff
"Comprehensive Logistics, Inc.","609 Memory Lane, York, PA  17402",York,365,9/25/2025,Layoff
"Inmar Supply Chain Solutions, LLC","8150 Industrial Boulevard, Breinigsville, PA  18031",Lehigh,101,10/10/2025,Closing
"PrimeCare Medical, Inc.","@ York County Prison, 3400 Concord Road, York, PA  17402",York,50,9/30/2025,Layoff
"PosiGen Developer, LLC","400 Davis Drive, Suite 400, Plymouth Meeting, PA  19462, 241 East Elm Street, Conshohocken, PA  19428",Montgomery,49,8/24/2025,Layoff
HMS Host (located within the Philadelphia International Airport),"Starbucks, 8500 Essington Avenue, Philadelphia, PA  19153, Balducci's, 8500 Essington Avenue, Philadelphia, PA  19153",Philadelphia,13,10/27/2025,Layoff
Trujacodi Delivery Express,"2900 Grant Avenue, Philadelphia, PA  19114",Philadelphia,42,9/12/2025,Closure
CJB Logistics,"6901 Elmwood Avenue, Philadelphia, PA  19102",Philadelphia,101,11/16/2025,Closure
"Air Products and Chemicals, Inc.","7331 William Avenue, Suite 300, Allentown, PA  18106",Lehigh,14,11/17/2025,Layoff
"National Fulfillment Services, LLC","105 Commerce Drive, Aston, PA  19014",Delaware,45,11/15/2025,Closing
DHL Supply Chain,"3893 Courtney Street, Bethlehem, PA  18017",Northampton,66,2/28/26,Closing
"Owens and Minor Halyard, Inc.","500 Independence Avenue, Mechanicsburg, PA  17055",Cumberland,75,11/28/25,Layoff
Packaging Corporation of America,"7451 Cetronia Road, Allentown, PA  18106, 7620 Cetronia Road, Allentown, PA  18106",Lehigh,60 total,12/1/2025,Closure
"Vifor Pharma, Inc.","1000 First Avenue, Suite 300, King of Prussia, PA  19406",Montgomery,55,12/1/2025,Layoff
Starbucks,"1500 Market Street, Philadelphia, PA  19102, 1900 Market Street, Philadelphia, PA  19103, 1128 Walnut Street, Philadelphia, PA  19107, 1801 Spruce Street, Philadelphia, PA  19107, 490 North Broad Street, Philadelphia, PA  19107, 1709 Chestnut Street, Philadelphia, PA  19103",Philadelphia,Unknown,12/5/2025,Closing
"Fourth Street Barbecue, Inc.","3 Arentzen Boulevard, Charleroi, PA  15022",Washington,252,beginning 10/9/25; ending 10/31/25,Closing
"Morgan Truck Body, LLC","485 Wenger Drive, Ephrata, PA  17522",Lancaster,92,12/15/2025,Closing
"Travel + Leisure Resort Development, Inc.","5255 Buttermilk Falls Road, Shawnee-on-Delaware, PA  18301",Monroe,124,12/31/2025,Closing
"Peraton, Inc.","1250 Camp Hill Bypass, Camp Hill, PA  17011",Cumberland,153,12/13/2025,Layoff
Allen Distribution,"7058 Snowdrift Road, Allentown, PA  18106",Lehigh,70,12/26/2025,Closing
Oak View Group,"150 Rouse Boulevard, Philadelphia, PA  19112",Philadelphia,TBD,12/31/25,Layoff
"Respironics, Inc.","174 Tech Center Drive, Mount Pleasant, PA , 312 Alvin Drive, New Kensington, PA, 1001 Murry Ridge Lane, Murrysville, PA",Westmoreland,196,Beginning:   12/31/2025; Ending:   6/30/2026,Layoff
Chick-fil-A,"8500 Essington Avenue, Philadelphia, PA  19153",Philadelphia,49,12/30/2025,Closure
"Keen Transport, Inc.","1951 Harrisburg Pike, Carlisle, PA  17015",Cumberland,52,1/20/2026,Layoff
"Taste, Inc.","8500 Essington Avenue, Philadelphia, PA  19153 (Philadelphia International Airport)",Philadelphia,10,2/5/2026,Closure
"Prysmian Cables and Systems, USA","1 Tamaqua Boulevard, Schuylkill Haven, PA  17972",Schuylkill,150,1/1/2026-12/31/2027,Closure
Pottstown Hospital,"1600 East High Street, Pottstown, PA  19464",Montgomery,131,1/1/2026,Layoff
"DuBois Logistics, LLC","891 Beaver Drive, DuBois, PA  15801",Clearfield,110,Beginning 1/31/2026; Ending 2/28/2026,Closure
BIOLYST Scientific,"1560 Industry Road, Hatfield, PA  19440",Montgomery,76,Beginning 1/12/2026; Ending 1/26/2026,Closure
"GXO Logistics Worldwide, LLC","100 Carolina Way, Carlisle, PA  17015",Cumberland,69,Beginning 1/12/2026; Ending 5/30/2026,Layoff
Crothall and Morrison Healthcare,"3400 Spruce Street, Philadelphia, PA  19104 (Penn Medicine)",Philadelphia,795,2/1/2026,Layoff
PA Potato Chip Manufacturing LLC,"1313 Stadium Street, Berlin, PA  15530",Somerset,96,beginning 2/13/2026; ending 12/31/2026,Closing
S&S Activewear,"600 Industrial Drive, Lewisberry, PA  17339",York,128,beginning 12/4/2025; ending 4/1/2026,Closing
"Adare Pharmaceuticals, Inc.","1100 Orthodox Street, Philadelphia, PA  19124",Philadelphia,137,beginning 3/1/2026; ending 6/30/2026,Closing
Engineered Materials Solutions,"600 Valley Road, Hamburg, PA  19526",Berks,58,beginning 1/2/2026; ending 10/31/2026,Closing
"Great Dane, LLC","207 Progress Road, Elysburg, PA  17824",Northumberland,164,2/2/2026,Layoff
"GIANT Company, LLC","3501 Island Avenue, Philadelphia, PA  19153",Philadelphia,128,2/13/2026,Closing
"GIANT Company, LLC","235 North Reservoir Street, Lancaster, PA  17602",Lancaster,76,2/27/2026,Closing
"First Brands Group, LLC, d/b/a Eagle Castings","447 East Middle Street, Hanover, PA  17331",York,73,beginning 2/27/2026; ending 3/31/2026,Closing
Miller's Ale House,"9495 East Roosevelt Boulevard, Philadelphia, PA 19114",Philadelphia,49,3/30/26,Closing
"AVI Foodsystems, Inc.","2400 Spruce Street & 1 Convention Avenue, Philadelphia, PA 19104",Philadelphia,297,2/1/26,Closing
"The GIANT Company, LLC.","216 East Fairmont Street, Coopersburg, PA 18036",Montgomery,105,4/3/26,Closing
"PrimeFlight Aviation Services, Inc.","8500 Essington Avenue, Philadelphia, PA  19153 (Philadelphia International Airport)",Philadelphia,68,3/9/26,Layoff
French Creek Recovery Center,"535 Williamson Road, Meadville, PA  16335",Crawford,59,3/15/26,Closing
"ALPEK Polyester USA, LLC","4030 Pottsville Pike, Reading, PA 19605",Berks,100,3/15/26,Closing
BPM Limited,"1300 Morris Drive, Chesterbrook, PA 19087",Chester,148,"Beginning 3/29/26, ending 9/30/26",Layoff
Amazon Fresh,"555 Spring Garden St Philadelphia, PA 19123 (approx. 205 employees affected), 1837 Street Rd Bensalem, PA 19020 (approx. 161 employees affected), 389 Easton Road Warrington, PA 18976 (approx. 144 employees affected), 102 Park Ave Willow Grove, PA 19090 (approx. 127 employees affected), 2924 Springfield Rd Broomall, PA 19008 (approx. 189 employees affected), 2424 E. Lincoln Hwy Langhorne, PA 19047 (approx. 157 employees affected)","Bucks, Delaware, Montgomery and Philadelphia",983,4/28/26,Layoff
BPM Limited,"**UPDATED TO REVISE AFFECTED TOTAL**, 1300 Morris Drive, Chesterbrook, PA  19087",Chester,248,beginning 3/29/26; ending 9/30/26,Layoff
White Deer Run Allenwood,"360 White Deer Run Road, Allenwood, PA  17810",Union,31,4/5/2026,Layoff
Saks Fifth Avenue,"2 Bala Plaza, Bala Cynwyd, PA  19004",Montgomery,50,4/11/2026,Closure
Saks Fifth Avenue,"250 Highland Park Boulevard, Wilkes Barre, PA  18702",Luzerne,155,beginning 4/11/2026; ending 4/30/2026,Closure
"Everett Foodliner, Inc. and Saxton Market, Inc.","Everett Foodliner, Inc.  - 64 Employees, 250 W. Main Street , Everett, PA  15537, County: Bedford, Closure             , Layoff Date -- 04/20/26                              , Saxton Market, Inc. -- 58 Employees, 509 Main Street, Saxton, PA  16678, County: Bedford, Closure, Layoff Date -- 04/20/26",,,,
"Green Leaf Medicals, LLC","1100 Horton Drive, Saxton, PA  16678",Bedford,52,4/18/2026,Closure
"Post Consumer Brands, LLC","6650 Low Street, Bloomsburg, PA  17815",Columbia,11,5/1/2026,Layoff
Bradford Regional Medical Center,"116 Interstate Parkway, Bradford, PA  16701",McKean,238,beginning 5/2/26; ending 5/17/26,Closing
"PharmaCann, Inc.","111 Life Science Drive, Olyphant, PA 18447",Lackawanna,60,5/20/26,Closing
Liberty Home Choices,"112 North 8th Street, Suite 600, Philadelphia, PA  19107",Philadelphia,615,5/24/26,Closing
Pittsburgh Post-Gazette,"300 Corliss Street, Pittsburgh, PA  15220",Allegheny,171,5/4/26,Closing
Federal Express Corporation,"1000 Sathers Drive, Pittston, PA  18640",Luzerne,63,5/2/26,Closing
"Saks & Company, LLC","25 Keystone Boulevard, Pottsville, PA 17901",Schuylkill,435,"beginning 5/3/26, ending 5/31/26",Closing
Lineage Logistics,"110 Keystone Boulevard, East Pottsville, PA 17901",Schuylkill,208,5/27/26,Layoff
"Bowhead Logistics Management, LLC","1350 Superior Avenue, Building 57, Chambersburg, PA  17201",Franklin,307,5/10/26,Layoff
LNS Chipblaster,"13605 South Mosiertown Road, Meadville, PA  16335",Crawford,67,9/30/26,Closing
"Church & Dwight Company, Inc.","5197 Commerce Drive, York, PA  17408",York,195,6/30/26,Layoff
"Advantest, Inc.","1660 East Race Street, Allentown, PA 18109",Lehigh,55,6/30/26,Layoff
Durham School Services,"4101 North Delaware Avenue, Philadelphia, PA  19137",Philadelphia,299,6/29/26,Layoff
Juvenile Justice Center of Philadelphia,"100 West Coulter Street, Philadelphia, PA 19144",Philadelphia,17,"beginning 4/30/26, ending 6/30/26",Layoff
"Knouse Foods Cooperative, Inc.","421 Grant Street, Chambersburg, PA 17201",Franklin,148,"beginning 7/6/26, ending 12/31/26",Closure
"Quality Packaging Specialists International, LLC","355 Independence Avenue, Mechanicsburg, PA  17055",Cumberland,83,7/6/26,Closure
Dometic,"640 North Lewis Road, Limerick, PA  19468",Montgomery,89,beginning 9/21/2026; ending 3/31/2027,Closure
"Bush Industries, Inc.","2455 Robison Road West, Erie, PA  16509",Erie,51,4/30/2026,Closure
"GEODIS Logistics, LLC","80 South Middlesex Road, Carlisle, PA  17013",Cumberland,185,8/31/2026,Closure
Calfrac Well Services Corp.,"2001 Summit View Drive, Smithfield, PA  15478",Fayette,75,beginning 7/20/2026; ending 9/30/2027,Closure
Chandler Hall Health Services,"99 Barclay Street, Newtown, PA 18940",Bucks,220,8/1/2026,Closure
"American Expediting Logistics, LLC","1400 North Providence Road, Suite 410, Media, PA  19063",Delaware,86,beginning 6/4/2026; ending 6/30/26,Closure
"WILX Logistics, LLC","1156 Four Star Drive, Mount Joy, PA  17552",Lancaster,70,8/9/26,Closure
JBS Souderton,"249 Allentown Road, Souderton, PA  18964, 741 Souder Road, Souderton, PA  18964",Montgomery,"1,485",8/14/26,Closure
"Vestis Services, LLC","1035 Alpharetta Street, Suite 2100, Roswell, GA  30075 (HEADQUARTERS)",Various,5 (within PA),6/15/26,Layoff
